Understand 0% Love from West Bengal,"[2, 2, 2, 2, 2, 2]"
Best trending song during lockdown time,"[2, 2, 2, 2, 2, 2]"
Vaathi coming othe 200M Club fast within 3 hours,"[2, 2, 2, 2, 2, 2, 2, 2, 2]"
@actorvijay,[2]
Vijay sir hit fans form Kerala,"[2, 2, 2, 2, 2, 2]"
Ippo YouTube la current trending vathi coming song and Master Trailer than Thalapathy Vijay Anna is Great And I am also waiting for pollakattum para para song please upload it soon,"[1, 2, 1, 2, 2, 2, 2, 2, 2, 2, 2, 2, 2, 2, 1, 2, 2, 2, 2, 2, 2, 2, 2, 1, 1, 1, 2, 2, 2, 2, 2]"
i wish someone entering my life like this,"[2, 2, 2, 2, 2, 2, 2, 2]"
when a preffessional dancers are playing everyone eyes are lost to that 46 year old That is thalapathy vijay Dance,"[2, 2, 2, 2, 2, 2, 2, 2, 2, 2, 2, 2, 2, 2, 2, 2, 2, 2, 2, 2]"
Whos listening today,"[2, 2, 2]"
Last year lockdown : vaathi coming lyric video @anirudh Like adi,"[2, 2, 2, 3, 2, 2, 2, 2, 2, 2, 1]"
Only thalapaty was one who can raise the beat at this song BIG FAN love u vijay sir,"[2, 2, 2, 2, 2, 2, 2, 2, 2, 2, 2, 2, 2, 2, 2, 2, 2, 2]"
Me:im depressed My brain:take youtube and search vathi coming,"[2, 2, 2, 2, 2, 2, 2, 2, 2]"
JD the mass professor ever for his fans,"[2, 2, 2, 2, 2, 2, 2, 2]"
Im a Gujju And I saw this movie in Theater for Vijay Thalapathy and Vijay Sethupati and Mann this song There were only 510 people in the theater but all were almost dancing watching this song I loved the MOvie and Vijay sirs acting Love from Gujarat,"[2, 2, 2, 2, 2, 2, 2, 2, 2, 2, 2, 2, 2, 2, 2, 2, 2, 2, 2, 2, 2, 2, 2, 2, 2, 2, 2, 2, 2, 2, 2, 2, 2, 2, 2, 2, 2, 2, 2, 2, 2, 2, 2, 2, 2, 2, 2]"
Thalapathy lived the charecter in Master JD,"[2, 2, 2, 2, 2, 2, 2]"
The shoulder and legs are going out of controll vera level song vera level dance hatsoff to back dancers dinesh master and thalapathy vijay,"[2, 2, 2, 2, 2, 2, 2, 2, 2, 1, 2, 2, 1, 2, 2, 2, 2, 2, 2, 2, 2, 2, 2, 2]"
Its that ashwin says that this song is urgent for me means the vaati song is biggest hittest song In India,"[2, 2, 2, 2, 2, 2, 2, 2, 2, 2, 2, 2, 2, 2, 2, 2, 2, 2, 2, 2, 2]"
The only musician to create a blockbuster song with traditional instruments like Nadaswaram Flute and percussions could be done by our one and only Rockstar Anirudh,"[2, 2, 2, 2, 2, 2, 2, 2, 2, 2, 2, 2, 2, 2, 2, 2, 2, 2, 2, 2, 2, 2, 2, 2, 2, 2]"
Every hero has a separate style but style has a hero is called vijay my favourite al time,"[2, 2, 2, 2, 2, 2, 2, 2, 2, 2, 2, 2, 2, 2, 2, 2, 2, 2]"
This track is making cyclone in Bangladesh when anyone listen this music their body moves automatically,"[2, 2, 2, 2, 2, 2, 2, 2, 2, 2, 2, 2, 2, 2, 2, 2]"
Sema goosebumps bro,"[1, 2, 2]"
No 1 Song in Thalapathy Career who are after Vijays Top 10 Songs in News 18 in that Vaathi Coming Stands in 1st Position,"[2, 2, 2, 2, 2, 2, 2, 2, 2, 2, 2, 2, 2, 2, 2, 2, 2, 2, 2, 2, 2, 2, 2, 2]"
100 million of vaathi coming before 27 March its not record its a beginning 2 month to get 100M,"[2, 2, 2, 2, 2, 2, 2, 2, 2, 2, 2, 2, 2, 2, 2, 2, 2, 2, 2]"
Reached 85 million another record coming for thalapathy wow,"[2, 2, 2, 2, 2, 2, 2, 2, 2]"
From TELANGANA ENJOYING THALAPATHY AT OVER 1000%,"[2, 2, 2, 2, 2, 2, 2]"
Im waiting yesterdays dialogue Vaathi coming veriyan we should reach 1B views target,"[2, 2, 2, 2, 2, 2, 2, 2, 2, 2, 2, 2, 2]"
One of south Indian blockbusters song vathi coming now is 200+ Millions reaching next 500+million,"[2, 2, 2, 2, 2, 2, 2, 2, 2, 2, 2, 2, 2, 2, 2]"
30+ crores collection only in Telugu THALAPATHY VIJAY improved his fan base in Telugu,"[2, 2, 2, 2, 2, 2, 2, 2, 2, 2, 2, 2, 2, 2]"
Understand 0% But vibe 100%,"[2, 2, 2, 2, 2]"
million of views going within few hours,"[2, 2, 2, 2, 2, 2, 2]"
1million coment record breaker,"[2, 2, 2, 2]"
Vathi coming like Vj and vjs,"[2, 2, 2, 2, 2, 2]"
Anyone febuary month,"[2, 2, 2]"
Vaathi coming Thalapathy Swag,"[2, 2, 2, 2]"
Its unbelievable what Vijay has done god bless,"[2, 2, 2, 2, 2, 2, 2, 2]"
This song never get old It sounds even better in 2021,"[2, 2, 2, 2, 2, 2, 2, 2, 2, 2, 2]"
Anyone After Ashwin Hardik And Kuldeeps Vaathi step,"[2, 2, 2, 2, 2, 2, 2, 2]"
Understand :0% Love From Bangladesh,"[2, 2, 2, 2, 2]"
Today night 75M views sure,"[2, 2, 2, 2, 2]"
Simply wow,"[2, 2]"
How many of you see vaathi comming more than 10 times like Vijay anna,"[2, 2, 2, 2, 2, 2, 2, 2, 2, 2, 2, 2, 2, 1]"
Soon crosses 1B as rowdy baby song,"[2, 2, 2, 2, 2, 2, 2]"
This movie is just broken the records of bahubali only in a month and this song is not only listening us but also others who didnt know this language and making video on this song I am just amazed and I loved this movie I have seen this movie and this movie is really the bestest than any other I have no words to what to say about this movie I am fan of thalapathy since child and I watch his all the movie and all are the great one but this so much outstanding movie which I seen in my whole life time yaa all others movie of other stars are very much amazing but now my fav movie is this year and cannot say that after that any other movie also became my fav but now this one Biggest fan of thalapathy vijay sir and vijay sethupati sir,"[2, 2, 2, 2, 2, 2, 2, 2, 2, 2, 2, 2, 2, 2, 2, 2, 2, 2, 2, 2, 2, 2, 2, 2, 2, 2, 2, 2, 2, 2, 2, 2, 2, 2, 2, 2, 2, 2, 2, 2, 2, 2, 2, 2, 2, 2, 2, 2, 2, 2, 2, 2, 2, 2, 2, 2, 2, 2, 2, 2, 2, 2, 2, 2, 2, 2, 2, 2, 2, 2, 2, 2, 2, 2, 2, 2, 2, 2, 2, 2, 2, 2, 2, 2, 2, 2, 2, 2, 2, 2, 2, 2, 2, 2, 2, 2, 2, 2, 2, 2, 2, 2, 2, 2, 2, 2, 2, 2, 2, 2, 2, 2, 2, 2, 2, 2, 2, 2, 2, 2, 2, 2, 2, 2, 2, 2, 2, 2, 2, 2, 2, 2, 2, 2, 2, 2, 2, 2, 2, 2, 2, 2, 2, 2, 2, 2, 2, 2, 2, 2]"
No:1 popular video song for sony music south,"[2, 2, 2, 2, 2, 2, 2, 2]"
Vijay fans give like for all not only for me,"[2, 2, 2, 2, 2, 2, 2, 2, 2, 2]"
Who likes Vijay sirs bharthanatyam dance give like,"[2, 2, 2, 2, 1, 2, 2, 2]"
300M Vaathi effect,"[2, 2, 2]"
Any from 2025 march,"[2, 2, 2, 2]"
Lets go right foot left foot The next thing we know were moving with vaathi coming,"[2, 2, 2, 2, 2, 2, 2, 2, 2, 2, 2, 2, 2, 2, 2, 2]"
Thalapathy +thala vibes Tollywood+mahi bhai,"[2, 2, 2, 2, 3]"
There are thousands of haters but still we dont care king will be king and he is,"[2, 2, 2, 2, 2, 2, 2, 2, 2, 2, 2, 2, 2, 2, 2, 2, 2]"
Our school completed 75 years on 2022 And we also passed out the school the same time So when me and the homies meet in alumni ceremony I made the dj play this song And the dance on it we did was phenomenal That was a real deal of fun we had Btw im from West Bengal,"[2, 2, 2, 2, 2, 2, 2, 2, 2, 2, 2, 2, 2, 2, 2, 2, 2, 2, 2, 2, 2, 2, 2, 2, 2, 2, 2, 2, 2, 2, 2, 2, 2, 2, 2, 2, 2, 2, 2, 2, 2, 2, 2, 2, 2, 2, 2, 2, 2, 2, 2, 2, 2, 2, 2, 2, 2]"
1B VIEWS SENJIRLAAMA,"[2, 2, 2]"
Thalapathy A lion is always a Lion,"[2, 2, 2, 2, 2, 2, 2]"
Those who are missing id card enga da scene Hit like,"[2, 2, 2, 2, 2, 2, 1, 1, 2, 2, 2]"
Anyone in 2025,"[2, 2, 2]"
நண்பா நண்பிகளே மில்லியன் வர வேண்டும் 2 நாட்களில்,"[0, 0, 0, 0, 0, 2, 0]"
Goosebumps on max level,"[2, 2, 2, 2]"
என்னமோ தெரியல இந்த song மன்டகுள்ள ooditee இருக்கு தளபதி maaaass,"[0, 0, 0, 2, 0, 2, 0, 0, 2]"
One of the best intro songs ever choreography was too gd as it made feel more realistic celebration,"[2, 2, 2, 2, 2, 2, 2, 2, 2, 2, 2, 2, 2, 2, 2, 2, 2, 2]"
Vijay Thalapathy Sir Is On Fire,"[2, 2, 2, 2, 2, 2]"
bro master vara level vijay fans like,"[2, 2, 1, 2, 2, 2, 2]"
Anyone from 202125 Vaathi Coming after all,"[2, 2, 2, 2, 2, 2, 2]"
Anirudh sir proved that no need of lyrics for creating masterpiece,"[2, 2, 2, 2, 2, 2, 2, 2, 2, 2, 2]"
We live in Anirudh and Thalapathys era,"[2, 2, 2, 2, 2, 2, 1]"
thalapathy,[2]
when I pass the exam after many fails,"[2, 2, 2, 2, 2, 2, 2, 2]"
Thalaivan VJVISHAL,"[1, 2]"
No one can beats tamil bgms Thanks for this much likes,"[2, 2, 2, 2, 2, 2, 2, 2, 2, 2, 2]"
Thalapathy birthday gift ah 200m views varanum so speed up,"[2, 2, 2, 2, 2, 2, 1, 2, 2, 2]"
Share this song link to everywhere I am still sharing,"[2, 2, 2, 2, 2, 2, 2, 2, 2, 2]"
365M and still counting Proof that:He is King of Kollywood,"[2, 2, 2, 2, 2, 2, 2, 2, 2, 2]"
I listen to this song when Im sad or tired It completely changes my mood,"[2, 2, 2, 2, 2, 2, 2, 2, 2, 2, 2, 2, 2, 2, 2]"
Thalpathy next song Waite pandrunga oru like potu ponga,"[2, 2, 2, 2, 1, 1, 2, 1, 1]"
Whos here after 85M views and 1 4M Comment karo,"[2, 2, 2, 2, 2, 2, 2, 2, 2, 2]"
என்னடா இது சப்ப பீட்டு கொளுத்துகடா entha dialogue ella engura varutham mattuntha but ok,"[0, 0, 0, 0, 0, 1, 1, 1, 1, 1, 1, 2, 2]"
Cuteness 2 58,"[2, 2, 2]"
Anyone notice Vj Vishal,"[2, 2, 2, 2]"
2025 Attendance,"[2, 2]"
பட்டு வேற லெவெலு,"[0, 0, 0]"
VAATHI COMING THALAPATHY,"[2, 2, 2]"
Understand 0% Vibe 1000%,"[2, 2, 2, 2]"
Once upon a time We used to have such a great time with our junior professors in university,"[2, 2, 2, 2, 2, 2, 2, 2, 2, 2, 2, 2, 2, 2, 2, 2, 2, 2]"
Thalapathy VIJAY,"[2, 2]"
Vibe,[2]
The energy,"[2, 2]"
Who all came after vj vishal performance in biggboss Yaarellam vishal in vaathi coming song ipo thaan note panreenga,"[2, 2, 2, 2, 2, 2, 2, 2, 2, 1, 2, 2, 2, 2, 2, 1, 1, 1, 1]"
Bigg boss VJ Vishal notice pannigalah,"[2, 2, 2, 2, 2, 2]"
2025 me kon kon sun raha hai,"[2, 3, 3, 3, 3, 3, 3]"
Vathi,[2]
Anirudh music is awesome,"[2, 2, 2, 2]"
I am watching this in holi,"[2, 2, 2, 2, 2, 2]"
Watching it in 2025 Why was this Masterpiece never recommend to me YouTube Why was it hidden,"[2, 2, 2, 2, 2, 2, 2, 2, 2, 2, 2, 2, 2, 2, 2, 2, 2]"
I LOVE THIS SONG I LOVE THE LOCAL DANCE,"[2, 2, 2, 2, 2, 2, 2, 2, 2]"
EXCELLENT SONGS FOR : Master Vaathi Coming Video | Thalapathy Vijay | Anirudh Ravichander | Lokesh Kanagaraj,"[2, 2, 2, 3, 2, 2, 2, 2, 3, 2, 2, 2, 2, 2, 2, 2, 2]"
Thalapathy dance,"[2, 2]"
Yes bro in 2025,"[2, 2, 2, 2]"
I love this song,"[2, 2, 2, 2]"
full chill songya in 2025,"[2, 2, 2, 2, 2]"
Anirudh vera level music,"[2, 1, 2, 2]"
Vijay respect button,"[2, 2, 2]"
Any one on 2025,"[2, 2, 2, 2]"
Masterpiece,[2]
firee,[2]
Happy new year 2025,"[2, 2, 2, 2]"
What a song Atleast 3 times a day vijay fan,"[2, 2, 2, 2, 2, 2, 2, 2, 2, 2]"
VJ vishal ah ithu,"[2, 2, 1, 1]"
THLAPATHY VIJHAY,"[2, 2]"
Wonderful dance without express,"[2, 2, 2, 2]"
Baathi coming energy coming,"[2, 2, 2, 2]"
lokesh create cinema universe but vijay antony create music universe,"[2, 2, 1, 2, 2, 2, 2, 2, 2, 2]"
Superb,[2]
Today anyone,"[2, 2]"
Godddd this is so cool,"[2, 2, 2, 2, 2]"
Master piece,"[2, 2]"
Who is listening this song in 2025,"[2, 2, 2, 2, 2, 2, 2]"
Vijay sir s energy,"[2, 2, 2, 2]"
vaathi,[2]
Vera mari 2025,"[1, 1, 2]"
SONY MUSIC SOUTH,"[2, 2, 2]"
Any one in 2026,"[2, 2, 2, 2]"
Vibe h vibe,"[2, 2, 2]"
Cool bro,"[2, 2]"
1m comment,"[2, 2]"
thalapathy Vijay i love,"[2, 2, 2, 2]"
love two 2mani,"[2, 2, 2]"
VJ VISHAL is there,"[2, 2, 2, 2]"
Thalapathy,[2]
2025 gang,"[2, 2]"
Junuary,[2]
Best for movie review,"[2, 2, 2, 2]"
is a masterpiece,"[2, 2, 2]"
41milion like for thalapathy aura,"[2, 2, 2, 2, 1]"
Love you too sir,"[2, 2, 2, 2]"
1m comment,"[2, 2]"
Me I from 2025,"[2, 2, 2, 2]"
Wow vijay sir,"[2, 2, 2]"
From ruturaj gaikwad csk recommendation,"[2, 2, 2, 2, 2]"
1M comments,"[2, 2]"
Nice dance,"[2, 2]"
What a song,"[2, 2, 2]"
This song is 4 years old,"[2, 2, 2, 2, 2, 2]"
Where can I find more like this,"[2, 2, 2, 2, 2, 2, 2]"
இன்னும் தாலியை அடகு வைத்து பிள்ளைகளை படிக்க வைக்கும் குடும்பம் இருக்கிறது அவர்களுக்கு உதவுங்கள்,"[0, 0, 0, 0, 0, 0, 0, 0, 0, 0, 0]"
உண்மையாக உழைப்பவன் நேர்மையாக சம்பாதிப்பவன் கடினமாக உழைப்பவன் கூட இவ்வளவு சீர் வரிசை செய்ய முடியாது,"[0, 0, 0, 0, 0, 0, 0, 0, 0, 0, 0, 0]"
சீர்வரிசை பொண்ணு வீட்டுக்கா இல்ல பொண்ணு போகிற ஊருக்கா,"[0, 0, 0, 0, 0, 0, 0]"
I think the marriage couples goin to start next saravana store,"[2, 2, 2, 2, 2, 2, 2, 2, 2, 1, 2]"
மக்களின் வரி பணத்தை கொள்ளை அடித்து சீர் செய்வதில் என்ன பெருமை கேவலமாக உள்ளது,"[0, 0, 0, 0, 0, 0, 0, 0, 0, 0, 0]"
மக்களை கொள்ளை அடித்தால் தான் இப்படி பட்ட ஆடம்பர வாழ்க்கையில் நடக்க முடியும் உண்மையாக உழைக்கும் மக்கள் கஷ்டம் படுவார்கள் இது தான் இன்று நிலைமை,"[0, 0, 0, 0, 0, 0, 0, 0, 0, 0, 0, 0, 0, 0, 0, 0, 0, 0, 0]"
மகளுக்கு செய்ய வேண்டியது தான் அதே பகுதியில் எதுவும் கொடுக்க முடியாத ஏழைகளுக்கு உதவினால் இன்னும் சிறப்பாக சிறப்பாக சிறப்பாக இருக்கும்,"[0, 0, 0, 0, 0, 0, 0, 0, 0, 0, 0, 0, 0, 0, 0, 0]"
நல்ல வேளை முன்னாள் MLA ஆ இருந்தார் இந்நாள் MLA வா இருந்த தமிழ்நாட்டுல பாதி சீதனமாக போய் இருக்கும்,"[0, 0, 0, 2, 0, 0, 0, 2, 0, 0, 0, 0, 0, 0, 0]"
இந்த சீர்வரிசை பொருட்களை வைக்கிற அளவிற்கு அவ்வளவு பெரிய வீடு இருக்கா,"[0, 0, 0, 0, 0, 0, 0, 0, 0]"
இதையெல்லாம் இவர் தன் தொகுதி மக்களுக்கு செய்திருந்தால் அவர்களே இவர் மகள் திருமணத்திற்கு இதைவிட அதிகமாக சீர் செய்திருப்பார்கள்,"[0, 0, 0, 0, 0, 0, 0, 0, 0, 0, 0, 0, 0, 0]"
வாழ்க வளமுடன் Endha oorula Vivasyi ipdi marriage pannan,"[0, 0, 1, 1, 1, 1, 2, 1]"
மாப்பிளை ஒரு சிறை கைதி தான்,"[0, 0, 0, 0, 0]"
ஒரு MLA இவளவு அடிச்சால் மந்திரி எவ்வளவாய் இருக்கும்,"[0, 2, 0, 0, 0, 0, 0]"
புது மாப்பிள்ளைக்கு பப்பப்பரே வந்த நேரமடா பப்பப்பரே,"[0, 0, 0, 0, 0, 0]"
ஊரான் பிள்ளைகளை ஊட்டி வளர்த்தால் தன் பிள்ளை தானாக வளரும் இல்லாதவர்களுக்கு உதவும்படி கேட்டுக்கொள்கிறேன்,"[0, 0, 0, 0, 0, 0, 0, 0, 0, 0, 0]"
கஸ்ட்டப்பட்டு சம்பாதித்திருந்தால் இப்படி ஒரு ஆடம்பரத்தை செய்யாமல் ஏழைகளுக்கு உதவி செய்திருந்திருப்பார்,"[0, 0, 0, 0, 0, 0, 0, 0, 0]"
எவ்வளவோ பேரு ஒரு வேளை உணவு கூட கிடைக்காமல் ரொம்ப கஷ்டப் படுறாங்க தயவு செய்து வசதியா இருக்கிறவங்க அப்படி பட்டவர்களுக்கு உதவி பண்ணுங்க,"[0, 0, 0, 0, 0, 0, 0, 0, 0, 0, 0, 0, 0, 0, 0, 0, 0, 0]"
200 பவுன் மட்டும் போட்டு விட்டு மிச்சம் எல்லாம் பொருட்கள் ஏழை எளிய மக்கள் கொடுத்தால் அவங்க பரம்பரை இன்னும் அவங்க பெயர் இருக்கும்,"[2, 0, 0, 0, 0, 0, 0, 0, 0, 0, 0, 0, 0, 0, 0, 0, 0, 0]"
ஊழல் பணம் பேசுது உழைச்சி சம்பாதிச்சி இருந்தா இவ்வளவு ஆடம்பரம் வந்து இருக்காது,"[0, 0, 0, 0, 0, 0, 0, 0, 0, 0]"
எனது வரி பணத்தில் வாங்கியது தான இது லாம்,"[0, 0, 0, 0, 0, 0, 0]"
எல்லாம் எங்க காசுடா,"[0, 0, 0]"
90s boyz mind voice be like:sir ungaluku innoru ponnu irukka,"[2, 2, 2, 2, 2, 2, 1, 1, 1, 1]"
This is not a bigger thing Pls do something for poor girls Help them for their marriage,"[2, 2, 2, 2, 2, 2, 2, 2, 2, 2, 2, 2, 2, 2, 2, 2, 2]"
this the indian strategy rich people are become more than rich poor people are become worse than poor,"[2, 2, 2, 2, 2, 2, 2, 2, 2, 2, 2, 2, 2, 2, 2, 2, 2, 2]"
ஒ௫ mla கிட்டையே இவ்வளவு பணமா பணக்காரன் என்பதை நி௫பித்து விட்டான் ஆனால் மனிதன் என்பதை நி௫பிக்க முடியாது,"[0, 2, 0, 0, 0, 0, 0, 0, 0, 0, 0, 0, 0, 0]"
ஒரு ஐடி ரெய்டு போடுங்க யா அங்க இது தான் தமிழக அரசியல் வாதிகளின் உண்மை நிலவரம் பாவம் மக்கள் தான்,"[0, 0, 0, 0, 0, 0, 0, 0, 0, 0, 0, 0, 0, 0, 0, 0]"
இதெல்லாம் நியாமா சம்பாரித்து செலவு பன்னியிருப்பாரு,"[0, 0, 0, 0, 0]"
வண்டிமாட்டில் வயல் வயலுக்கு குப்பையடித்த கதை மறந்து விட்டது போலும்,"[0, 0, 0, 0, 0, 0, 0, 0]"
ஒரு கிராம் கூட தங்கம் வேண்டாம் இப்படிக்கு 90$ குழந்தைகள்,"[0, 0, 0, 0, 0, 0, 0, 0]"
வரதட்சணை வாங்குவது தப்பு நு சொல்றிங்க ஆனால் அதிகமாக கொடுத்தால் பெருமையாக செய்தி போடுறீங்க என்னடா உங்க நியாயம்,"[0, 0, 0, 0, 0, 0, 0, 0, 0, 0, 0, 0, 0, 0]"
இது ஒரு செய்தியா இல்லாதவர்களை ஏங்க வைக்கும்,"[0, 0, 0, 0, 0, 0]"
இதுல ஒரு பங்கு ஏழை மக்களுக்கு உதவி செய்,"[0, 0, 0, 0, 0, 0, 0]"
அனைத்தும் மக்களின் பணம்,"[0, 0, 0]"
This marriage remind us the marriage of Jayalalithas adopted son marriage during 1991 But she was the A 1 accused Likewise a day will come to give lessons,"[2, 2, 2, 2, 2, 2, 2, 2, 2, 2, 2, 2, 2, 2, 2, 2, 2, 2, 2, 2, 2, 2, 2, 2, 2, 2, 2, 2]"
கொள்ளை அடிக்கிறதுல கொஞ்சமாவது கொடுத்து உதவுங்களேன்டா புண்ணியமாக போகட்டும்,"[0, 0, 0, 0, 0, 0, 0]"
Yapadi kalyanam pannom nu mukkiyam illa yapadi vala poorom nu dhan mukkiyam,"[1, 1, 1, 1, 1, 1, 1, 1, 1, 1, 1, 1]"
எதாவது ஒரு வழியில் நீ கஷ்டப்பட வேண்டும் அப்போது தான் பணத்திற்காக பிடிக்காத வேலையை பார்த்து குடும்பத்தை சுமப்பது எவ்வளவு கடினம் என்று புரியும்,"[0, 0, 0, 0, 0, 0, 0, 0, 0, 0, 0, 0, 0, 0, 0, 0, 0, 0]"
நல்ல வாழ்க்கைக்கு நல்ல puridhalaana மனமுள்ள ஒரு துணை போதும்,"[0, 0, 0, 1, 0, 0, 0, 0]"
முன்னால் MLA வே இம்புட்டு அடிச்சுருக்கான் அப்போ அந்த சுடலை குடும்பமா MP MLA CM யா இருந்த சொட்டை எல்லாம் சேர்ந்து எத்தனை லட்சம் கோடி அடிச்சு இருக்கானுக,"[0, 2, 0, 0, 0, 0, 0, 0, 0, 2, 2, 2, 0, 0, 0, 0, 0, 0, 0, 0, 0, 0]"
Had he helped 10000 marriages for poor people he would have got blessed,"[2, 2, 2, 2, 2, 2, 2, 2, 2, 2, 2, 2, 2]"
மக்கள் வரி பணம் ஒரு அரசில்வாதி கிட்ட இவ்வளவு என்றால் தமிழ்நாட்டில் மீதி அரசியல்வாதி கிட்ட எவ்வளவு இருக்கும்,"[0, 0, 0, 0, 0, 0, 0, 0, 0, 0, 0, 0, 0, 0]"
இவ்வளவு பாத்திரங்களை வைத்து என்ன செய்வார்கள்,"[0, 0, 0, 0, 0]"
இது எல்லாம் மக்கள் பணம் அரசியல் வாதிங்க மக்கள் பணத்தை இப்படி தான் செலவு பன்னுவாங்க அவங்க உழச்ச பணமா இருந்தா இப்படி செலவு பன்ன மாட்டாங்க,"[0, 0, 0, 0, 0, 0, 0, 0, 0, 0, 0, 0, 0, 0, 0, 0, 0, 0, 0, 0]"
ஜெ வின் உன்மையான வாரிசு நிரூபித்து விட்டார்,"[0, 0, 0, 0, 0, 0]"
இரண்டு தடவை எம்எல்ஏவாக இருந்தவருக்கு வீடு கூட இல்லை குடியிருக்க அவரும் ஒரு எம்எல்ஏ இவரும் ஒரு எம்எல்ஏ,"[0, 0, 0, 0, 0, 0, 0, 0, 0, 0, 0, 0, 0, 0]"
Raid begins,"[2, 2]"
ஊழல் பணத்தில் ஆடம்பர கல்யாணம்,"[0, 0, 0, 0]"
ஒரு ஓட்டுக்கு நமக்கு கிடைச்சது 500 ஆனா சார்வாள் சம்பாதிச்சத பாருங்க பிழைக்க தெரிந்தவர் 500 ரூபாய் வாங்கி வம்பிழுத்து விட்ருக்கோம் நமக்கு நாமே next vaathi raid Vathi raid,"[0, 0, 0, 0, 2, 0, 0, 0, 0, 0, 0, 2, 0, 0, 0, 0, 0, 0, 2, 2, 2, 2, 2]"
7 கோடி ப்பு ஆமா ப்பு 7 கோடி ப்பு,"[2, 0, 0, 0, 0, 2, 0, 0]"
Nee engaloda kaasula un ponnuku kalyanam panneeruka marandhidatha,"[1, 1, 1, 1, 1, 1, 1, 1]"
This is not his hard earned money all public fund,"[2, 2, 2, 2, 2, 2, 2, 2, 2, 2]"
ரஜினி மகள்கள் ஸ்டாலின் மகள் இவர்களுக்கு எல்லாம் வரதட்சணை எதுவுமே குடுக்கவில்லை ஏழைதாயின் மகன்கள் அவர்கள்,"[0, 0, 0, 0, 0, 0, 0, 0, 0, 0, 0, 0]"
இது எல்லாம் மக்கள் சொத்து,"[0, 0, 0, 0]"
கொள்ளை கூட்ட இளவரசி உலா போகிறாள்,"[0, 0, 0, 0, 0]"
Athu sari mask podalayea yaarum,"[1, 1, 1, 1, 1]"
Income tax officers lam Ena pandranga oruvela thungitangalo,"[2, 2, 2, 1, 1, 1, 1, 1]"
எங்களுக்கு சீர்வரிசை வேணாம் பொண்ணா மட்டும் கொடுங்கடா இப்படிக்கு 90ஸ்,"[0, 0, 0, 0, 0, 0, 0, 0]"
Ellamey makkal podda Pichai,"[1, 1, 1, 1]"
Vathi raidu vathi raidu,"[2, 1, 1, 1]"
This is from single MLA just think about other MLAs,"[2, 2, 2, 2, 2, 2, 2, 2, 2, 2]"
Marriage is just a process dont complicate this by doing so expensively when 80 percent in india are poor,"[2, 2, 2, 2, 2, 2, 2, 2, 2, 2, 2, 2, 2, 2, 2, 2, 2, 2, 2]"
Income tax department,"[2, 2, 2]"
இன்னொரு பொண்ணு இருக்கா,"[0, 0, 0]"
Yellaam Makkalin Panam,"[1, 1, 1]"
IT ride pananum appo theriyum,"[2, 2, 1, 1, 1]"
இது மாதிரி விஷயங்களை ஊடகங்கள் பெருமையாக செய்தி வெளியிடுவதை தவிர்க்க வேண்டும் இது ஒரு சமுதாய சீர்கேடு பணம் இல்லாத சீர் செய்ய இயலாத மக்களை காயப்படுத்தும்,"[0, 0, 0, 0, 0, 0, 0, 0, 0, 0, 0, 0, 0, 0, 0, 0, 0, 0, 0, 0]"
தீருடு பையன் MLA,"[0, 0, 2]"
அந்த எம்எல்ஏ விவசாய பார்க்கும்போது எனக்கு கோபம் வந்து எதிரில் வந்தால் என்ன பண்ணுவேன்னு எனக்கே தெரியாது,"[0, 0, 0, 0, 0, 0, 0, 0, 0, 0, 0, 0, 0]"
யார் யார் தலீ ஆரதனோ,"[0, 0, 0, 0]"
Inoru ponnu irudha soluga bro na kalyanam panikura,"[1, 1, 1, 1, 2, 1, 1, 1]"
இந்த செலவுக்கு ஏழை பெண்களுக்கு திருமணம் செய்து வையுங்கள்,"[0, 0, 0, 0, 0, 0, 0]"
பெற்றோர் செய்த பாவம் எல்லாம் பிள்ளைகளுக்குதானே இவர் பிள்ளைகளுக்கு தண்டனையைத்தான் சேகரித்து கொடுத்துள்ளார்,"[0, 0, 0, 0, 0, 0, 0, 0, 0, 0]"
10 ஏழைகளுக்கு நகை கொடுத்து இருந்தால் அவர் வம்சமே வரலாறு பேசி இருக்கும்,"[2, 0, 0, 0, 0, 0, 0, 0, 0, 0]"
Kindly dont promote such news News channels need to create better contents for better society,"[2, 2, 2, 2, 2, 2, 2, 2, 2, 2, 2, 2, 2, 2, 2]"
எத்தனை கோடி கொள்ளை அடிச்சானே பாதி தான் காட்டி இருக்கான் இன்னும் எவ்வளவு பதிக்கிவச்சி இருக்கானே இதல்லாம் வருமானவரிதுறைக்கி தெரியதா,"[0, 0, 0, 0, 0, 0, 0, 0, 0, 0, 0, 0, 0, 0, 0]"
நல்ல ஆண் க்கு பெண் கிடைக்கக் வில்லை அதற்கு பெண் கெட்டது படிப்பு இது ஒரு காரணம்,"[0, 0, 0, 0, 0, 0, 0, 0, 0, 0, 0, 0, 0]"
Ennoda youtube channel la ethavathu kurai irunthaal sollungal nanbargale Appothaan naan Athai sariseivathan moolam life la munnera mudiyum,"[1, 2, 2, 1, 1, 1, 1, 1, 1, 1, 1, 1, 1, 1, 2, 1, 1, 1]"
முன்னாள் அமைச்சர் இது மக்களின் பணம்,"[0, 0, 0, 0, 0]"
உங்க பொண்ணுக்கு செய்த சீர் வரிசையை பல இல்லாத ஏழை மக்கள் பொண்ணுங்களுக்கு ஆண்களுக்கு உங்க பெரிய மனசு மாற்றி நிறைய மக்களுக்கு படிப்பு மருத்துவம் செலவுக்கு மற்றும் திருமணங்கள் நடைபெற முதலில் உதவி செய்லாமே இப்படி செய்திருந்தால் நீ யே ஏழைகள் கடவுள் என மக்கள் உங்களை வணங்குவங்க நன்றி,"[0, 0, 0, 0, 0, 0, 0, 0, 0, 0, 0, 0, 0, 0, 0, 0, 0, 0, 0, 0, 0, 0, 0, 0, 0, 0, 0, 0, 0, 0, 0, 0, 0, 0, 0, 0, 0]"
Everything is showing we are rich thats it When you died nothing please help poor people and street animals they are waiting for the food when I see these video break my heart feel toooooo much God bless thanks,"[2, 2, 2, 2, 2, 2, 2, 2, 2, 2, 2, 2, 2, 2, 2, 2, 2, 2, 2, 2, 2, 2, 2, 2, 2, 2, 2, 2, 2, 2, 2, 2, 2, 2, 2, 2, 2, 2, 2]"
இத்தனைபொருட்களையும் அந்த பெண் தொட்டு பார்ப்பதற்குள் ஆயுசு முடிந்துவிடும்,"[0, 0, 0, 0, 0, 0, 0]"
Paithiyom illaathavargalukku kodudaa un ponnu innum nalla irupa,"[1, 1, 1, 1, 1, 1, 1, 1]"
அது எதுக்கு விவசாயி அவர்தான் எம்எல்ஏவாக இருந்தார் அப்ப செய்யலாம்,"[0, 0, 0, 0, 0, 0, 0, 0]"
மக்கள் பணம் எப்படி போகுது பாருங்க,"[0, 0, 0, 0, 0]"
எதை கொண்டு வந்தோம் நாம் எதை கொண்டு போறோம்,"[0, 0, 0, 0, 0, 0, 0]"
Epadi pannitan marriage pannanum na yennakaga varum yen mama pothum irrukura ponnuga ku kandipa god bless pannivanga,"[1, 2, 2, 1, 1, 1, 1, 1, 1, 1, 1, 1, 1, 1, 2, 2, 1]"
இந்த சீர்வரிசையில் ஒரு Volvo பேருந்து ஹெலிகாப்டர் ஜீப் வேன் இவைகளையும் நிறுத்தியிருக்கலாமே இவைகளை பண்டிகைச்சீராக கொடுப்பாரோ,"[0, 0, 0, 2, 0, 0, 0, 0, 0, 0, 0, 0, 0]"
Income tax ரைடு விட்டா நல்லா இருக்கும் பாப்போம்,"[2, 2, 0, 0, 0, 0, 0]"
கொள்ளையடித்த பணமாக இருக்கும் ஏழு கல்யாணம் கூட செய்து வைப்பான் புள்ளைக்கு,"[0, 0, 0, 0, 0, 0, 0, 0, 0]"
Spr,[2]
பாத்திரம் கடை வைக்க போறாங்க போல,"[0, 0, 0, 0, 0]"
நான் என் பிள்ளைகள் படிக்க வைக்க வட்டிக்கு வாங்கிரண்ட் ஏன்டா வைத்துரிச்சல்ல கில்லுப்பைருங்க,"[0, 0, 0, 0, 0, 0, 0, 0, 0, 0]"
கொள்ளை அடித்து சம்பாதித்த பொது மக்களின் பணம்,"[0, 0, 0, 0, 0, 0]"
he is not a dad he is god,"[2, 2, 2, 2, 2, 2, 2, 2]"
This family can help to many poor people in our country,"[2, 2, 2, 2, 2, 2, 2, 2, 2, 2, 2]"
No comments simply waste,"[2, 2, 2, 2]"
Magal vari,"[1, 1]"
அப்புறம் என்ன அந்த வீட்டார் பெண்ணை வாழ வைப்பது,"[0, 0, 0, 0, 0, 0, 0]"
Vidhavaku help pannungha sir,"[1, 2, 1, 2]"
ஊழல் செய்து கொள்ளையடித்த பணம் அது தான தர்மம் செய்திருந்தால் பாவம் கரைந்து இருக்கும்,"[0, 0, 0, 0, 0, 0, 0, 0, 0, 0, 0]"
இத்தனை பானை அண்டாவிலுமா தண்ணீர் எடுத்து வைப்பார்கள் இந்த பாத்தியதை வைத்து கடை வைத்து விடலாம்,"[0, 0, 0, 0, 0, 0, 0, 0, 0, 0, 0, 0]"
Each and every money to her is a sin and curse for her and rest of generations,"[2, 2, 2, 2, 2, 2, 2, 2, 2, 2, 2, 2, 2, 2, 2, 2, 2]"
புதிய தலைமுறை சேனல் இப்ப பிடிக்கவே இல்லை,"[0, 0, 0, 0, 0, 0]"
இது எங்க கொல்லை அடிச்ச பணம் தோரியவில்லையோ,"[0, 0, 0, 0, 0, 0]"
Dont do that stupid system Makkal panam kollayo kollai thooo,"[2, 2, 2, 2, 2, 1, 1, 1, 1, 1]"
Enga mama mariage,"[1, 1, 2]"
இந்த பணம் எப்படி வந்தது யாராவது கேட்டார்களா அரசியல்வாதிகள் தமிழகத்தயே சொறன்டுகிறார்கள் இதை யாரும் விமர்சனம் செய்ய மாட்டார்கள் இதை தெரிந்தும் நம் மக்கள் ஐந்து வருடத்திற்கு ஒரு முறை கண்டிப்பாக ஜெயிக்க வைத்து விடுகிறார்கள் நல்ல மக்கள்கள் ஆனால் மற்ற மாநிலத்தவரை மீது பொறாமைபடுவது எந்த அளவுக்கு நியாயம் திரிந்துங்கள்,"[0, 0, 0, 0, 0, 0, 0, 0, 0, 0, 0, 0, 0, 0, 0, 0, 0, 0, 0, 0, 0, 0, 0, 0, 0, 0, 0, 0, 0, 0, 0, 0, 0, 0, 0, 0, 0]"
Cbi Enna sollum,"[2, 1, 1]"
ஏண்டா எது எதுக்கோ ஜி எஸ் டி போடரின்க இதுக்கு ஜி எஸ் டி இல்லையாடா,"[0, 0, 0, 0, 0, 0, 0, 0, 0, 0, 0, 0]"
Mapla lucky,"[1, 2]"
Paithiyam,[1]
இந்த கலியுகம் முடிய போகிறது புதுயுகம் சத்யயுகம் வரப்போகிறது இன்னும் சில ஆண்டுகளில் இறைவன் சொல்லியிருக்கிறார் Brahma kumaris movies Tamil video YouTube ல் பார்த்து மகிழுங்கள்,"[0, 0, 0, 0, 0, 0, 0, 0, 0, 0, 0, 0, 1, 2, 2, 2, 2, 2, 0, 0, 0]"
CBI ennuma pogala,"[2, 1, 1]"
BAN pannunga or Limit follow Pannunga,"[2, 1, 2, 2, 2, 1]"
Pona government la MLA a irunthavarkitteya ivvalavuna ministers kitta,"[1, 2, 1, 2, 1, 1, 1, 2, 1]"
இது தேவை இல்லாத நீயூஸ் இது,"[0, 0, 0, 0, 0]"
Edhellam edhum illadha appa amma patha namba ponnukku podamudiyaliyee romba manam urugi povanga edhu engalukkum porundhum,"[1, 1, 1, 1, 1, 1, 1, 1, 1, 1, 1, 1, 1, 1, 1, 1]"
Nala vaiyullla sabathitha eppadi la salavvu panna mudiyum ma,"[1, 1, 1, 1, 1, 1, 1, 1, 1]"
திருடன் திருடன்,"[0, 0]"
Next sktech Please note it down,"[2, 2, 2, 2, 2, 2]"
Ithellaam romba mukiyam ah News parkurathu ithanala than verupa aguthu village la ellarum news Parkuran ga plz ildilam Pottu avanga sangadam pada vaikathinga,"[1, 1, 1, 1, 2, 1, 1, 1, 1, 1, 2, 1, 1, 2, 1, 1, 2, 1, 1, 1, 1, 1, 1]"
Millions of People money going to one person,"[2, 2, 2, 2, 2, 2, 2, 2]"
Atuthavathinutupooraku anthauooorukesaappaatu kututhirukalaam,"[1, 1, 1]"
Idha oru mediava irundhu question kaetu irukanum MLA ku cara salary ah vechi ivlo panna mudium ah question kaekama aacharya pada vekringa,"[1, 1, 1, 1, 2, 1, 1, 2, 1, 1, 2, 1, 1, 1, 1, 1, 1, 2, 1, 1, 1, 1]"
பெரிய மா பெரும் கொள்ளையர்கள்,"[0, 0, 0, 0]"
இதிலென்ன மெச்சல்,"[0, 0]"
Ponnu mapalayum sernthu pathara kadai veikka porangala,"[1, 1, 1, 1, 1, 1, 1]"
Pl donot post these kinds of videos,"[2, 2, 2, 2, 2, 2, 2]"
Why income tax people are silent,"[2, 2, 2, 2, 2, 2]"
Kalyana ponnu idha edhuvum thoda matta wash panavum matta edhuku indha bandha Illadhavangaluku udavi panna nalladhu,"[1, 1, 1, 1, 1, 1, 1, 1, 1, 1, 1, 1, 1, 1, 1, 1]"
Mini trichy mangale inga iruke,"[2, 2, 1, 1, 1]"
Income tax raid ponga,"[2, 2, 2, 1]"
Income tax ku information kudungada soups,"[2, 2, 1, 2, 1, 2]"
கை வேலை மயில்,"[0, 0, 0]"
Vaathi raid raid Confirm,"[2, 2, 2, 2]"
Intha mathiri panrathala than illatha Engaluku ivlo problm,"[1, 1, 1, 1, 1, 1, 1, 1]"
2000 samaniyar kalyanam panirkalam,"[2, 1, 1, 1]"
Mapillaii rmpa kuduthu vachavar,"[1, 1, 1, 1]"
Makes us feel like Only these people should have kids Rest like me dont deserve,"[2, 2, 2, 2, 2, 2, 2, 2, 2, 2, 2, 2, 2, 2, 2]"
இதுஎல்லாம்மக்கள்பணம்வேறாஎன்னாசொல்ல,[0]
M L A ah yaru veetu kaasa eduthu yaru selavu panaradhu elam makkal kita thirudunadhana idhula enna perumai,"[3, 3, 3, 1, 1, 1, 1, 1, 1, 1, 1, 1, 1, 1, 1, 1, 1, 1]"
அடிச்ச லஞ்சம் வேலைசெய்யுது,"[0, 0, 0]"
Pavam sencha panam,"[1, 1, 1]"
Note: oru mla ku ivalavu kaasu yengaenthu vanthathu,"[2, 1, 2, 1, 1, 1, 1, 1]"
From cinema scene,"[2, 2, 2]"
Pls help poor girls marriage,"[2, 2, 2, 2, 2]"
Seervarisai tharuvathu mukkiyamillai Antha ponnu seepadama valanum athan mukiyam,"[1, 1, 1, 1, 1, 1, 1, 1, 1]"
Somebodys are living without food Nengalam corono vanthumda thiruntala Yara nengalam,"[2, 2, 2, 2, 2, 1, 1, 1, 1, 1, 1]"
Oru MLA kita ivalo iruku na think about it Keta uzhachu sambaadhichadhu nu soluvanga thapu solala avar ponu panlam but earnings kamarajar irundha TN idhu Yenatha sola,"[1, 2, 1, 1, 1, 1, 2, 2, 2, 1, 1, 1, 1, 1, 1, 1, 1, 1, 1, 2, 2, 1, 1, 2, 1, 1, 1]"
இது பணம் எல்லம் உண்மையனா உழைப்பில் வந்தபணமா,"[0, 0, 0, 0, 0, 0]"
Makkal anaivarukum seiya vendiya kadamaiyai mahaluku mattum seithathil yenna perumai,"[1, 1, 1, 1, 1, 1, 1, 1, 1, 1]"
Munnal MLA innal MLA enna seivar kadavule sadharana makkal nilai enna,"[1, 2, 1, 2, 1, 1, 1, 1, 1, 1, 1]"
Ithellam vaika avainga veetla edam irukuma I Ivlo things use than panna mudiyuma Verum show mari theriyuthu,"[1, 1, 1, 1, 1, 1, 2, 2, 2, 2, 1, 1, 1, 1, 2, 1, 1]"
Inthamathiri news podaathinga,"[1, 2, 1]"
Oh government sutta kaasu ellam enga tax lam ipd tha poguthu pola # vivasaayi appa,"[2, 2, 1, 1, 1, 1, 2, 1, 1, 1, 1, 1, 1, 1, 1]"
இவர்கள் தண்டிக்கபட வேண்டும்,"[0, 0, 0]"
Ponna patha vomiting tha,"[1, 1, 2, 1]"
MLA POSTINGLA ERUNTHAPA MAKKALUKU EANA PANUNAARNU THEARIYLA BUT MERAAGE MATUM GRANDAA,"[2, 2, 2, 2, 2, 2, 2, 2, 2, 2, 2]"
ரெய்டு ப்ளீச்,"[0, 0]"
Kollam aditha money dont put this news nonsenses,"[1, 1, 2, 2, 2, 2, 2, 2]"
பாத்திரக்கடை விளம்பரமோ,"[0, 0]"
In lndia marriage is buying and selling very shameful,"[2, 2, 2, 2, 2, 2, 2, 2, 2]"
Ulaithu sampathithalthan theriyum ulal panam eppaditha selavu pannuviga,"[1, 1, 1, 1, 1, 1, 1, 1]"
Ethu ellathavakaluku tharam thana evalavu aadambaram theevaya solluga pakkalam,"[1, 1, 1, 1, 1, 1, 1, 1, 1]"
Income tax officers enne panranga MLA ku eapdi ivlo panam vandhuchu,"[2, 2, 2, 1, 1, 2, 1, 1, 1, 1, 1]"
All puplic mony,"[2, 2, 2]"
Government money,"[2, 2]"
Makkal kaasula magal kalyanam,"[1, 1, 1, 1]"
Dai nenga ipadi taranathunala dan neriya peyru timiru piidchavnga yelai penkalilidam viladaranga,"[1, 1, 1, 1, 1, 1, 1, 1, 1, 1, 1, 1]"
Deii aniyayam pannadhinga da inga avan avan family run pannave kaasu illa evlo sambaruchalum pathala yellame rate yerudhu ana salary mattum apdiye iruku neenga ivlo nagai panam vechu yenna Panna poringa yengala maari aalugalukku kuduthu udhavalaam,"[1, 1, 1, 1, 1, 1, 1, 2, 1, 1, 1, 1, 1, 1, 1, 2, 2, 1, 1, 2, 1, 1, 1, 1, 1, 1, 1, 1, 1, 1, 1, 1, 1, 1, 1, 1]"
I dont think the M A would have earned the money in a honest way Any way my best wishes to the couple for a long happy married life Y ou Said the marriage was conducted on 4th which is a saturday in which Hindus dont conduct marriages Even VEERAMNI of DK party will hesitate,"[2, 2, 2, 2, 2, 2, 2, 2, 2, 2, 2, 2, 2, 2, 2, 2, 2, 2, 2, 2, 2, 2, 2, 2, 2, 2, 2, 2, 2, 2, 2, 2, 2, 2, 2, 2, 2, 2, 2, 2, 2, 2, 2, 2, 2, 2, 2, 2, 2, 2, 2, 2, 2, 2, 2]"
Ivlo porulaium kondupoi onnum seiya mudiyathu illatha makkaluku senjalum news la varuvinga avungaloda vaalthum unga ponnuku kidaikumey,"[1, 1, 1, 1, 1, 1, 1, 1, 1, 2, 1, 1, 1, 1, 1, 1, 1]"
Eathu ellam vaika v2la idam irruka,"[1, 1, 1, 1, 1, 1]"
Fortune is blonde,"[2, 2, 2]"
Ellam evana emathi pudunguna panamo Ithuku music oru kedu,"[1, 1, 1, 1, 1, 1, 1, 1, 1]"
People money pls god funish them,"[2, 2, 2, 2, 2, 2]"
Perumaikki seiranga,"[1, 1]"
Intha poriutkalalam yaru use panra,"[1, 1, 1, 1, 1]"
Too much exposed wealth and shown to poor farmers tht created jealously and stomach burning Better give food to abonded Cats and dogs,"[2, 2, 2, 2, 2, 2, 2, 2, 2, 2, 2, 2, 2, 2, 2, 2, 2, 2, 2, 2, 2, 2, 2]"
Aadu thalaya kukkudhu ivar visaranai valayaddhirkkul konduvarappaduvara porutthirundhu parppom,"[1, 1, 1, 1, 1, 1, 1, 1, 1]"
Very rich begger,"[2, 2, 2]"
Avin la thirudiyathu,"[2, 1, 1]"
Pls ride mla house,"[2, 2, 2, 2]"
Fep 20 chinna dhuraila chain vankunen 12gram 78000 rupees,"[2, 2, 1, 1, 1, 1, 1, 2, 2]"
Idhu asara vaikum thirumanam alla asura thirumanam idhu tamil people foolsku thevaidan,"[1, 1, 1, 1, 1, 1, 1, 1, 2, 2, 1, 1]"
Loosu ithu pavapadta makkalukku kodukkalamea,"[1, 1, 1, 1, 1]"
Maligai jaman lam oru masamo rendu maasamo meethi elam kupaila Thanda poduvinga,"[1, 1, 1, 1, 1, 1, 1, 1, 1, 1, 1, 1]"
இன்னும் income tax ride vidunga,"[0, 2, 2, 2, 1]"
Thaan sambaaricha kaasaa vittiraikka ooraana adichu ulaila pottu sambaarichadhu dhaanae,"[1, 1, 1, 1, 1, 1, 1, 1, 1, 1]"
Simply waste,"[2, 2]"
Yenda dei ponnu pathara kadai ya vaikapoora yethuku da ivolo Anda,"[1, 1, 1, 1, 1, 1, 1, 1, 1, 1, 1]"
Ithuku etllathum kanahu kepparu kkadaul,"[1, 1, 1, 1, 1]"
Makkal panam vera yeppadi,"[1, 1, 1, 1]"
Show OFF FAMILY Ivar enna velaiyo,"[2, 2, 2, 1, 1, 1]"
Evevan appan vetu panam sir,"[1, 1, 1, 1, 2]"
Pathara kadai vakiringala solluga Evola vaikarathuku gudoon enga iruku,"[1, 1, 1, 1, 1, 1, 1, 1, 1]"
Another AAVIN corruption busted,"[2, 2, 2, 2]"
eppdi unglku mattum panam கிடைக்கும்,"[1, 1, 1, 1, 0]"
Davidiya Marriage,"[1, 2]"
Over pandhaaaaaaaa,"[2, 1]"
Indha porula vekkirathuke aunga oru vdu vanganum pola,"[1, 1, 1, 1, 1, 1, 1, 1]"
Y encouraging dowry system already dowry problem too much ds s bad show off simply wedding is the best foolsdo this,"[2, 2, 2, 2, 2, 2, 2, 2, 2, 2, 2, 2, 2, 2, 2, 2, 2, 2, 2, 2, 2]"
Oor sothu avalavum,"[2, 1, 1]"
Yaridam kollaiadithu sambathiyam,"[1, 1, 1]"
Evary podhum thappana vaeyula poga,"[2, 1, 1, 1, 1]"
Idhu vondrum perumaiyana visayam illai,"[1, 1, 1, 1, 1]"
Pal irukkavan pattaani sappituvaan,"[1, 1, 1, 1]"
Avvalavum wasteah than kidakkum,"[1, 1, 1, 1]"
Dai ithelam makkal Panam da aniyayam oanathinga fa,"[1, 1, 1, 1, 1, 1, 1, 1]"
Waste of money,"[2, 2, 2]"
அணேகமாஇதுஉளைத்துசம்பாதித்ததுகிடையாதுஇல்லணாஅரசியல்கொள்ளையாஇருக்கும்,[0]
Kollai atithu thirumanam,"[1, 1, 1]"
Kullaikuttam,[1]
இதைஎ,[0]
aavin irvagathil kollaiyaditha poor farmers money,"[2, 1, 1, 2, 2, 2]"
Kodukalame,[2]
Itu anaitum oru sondha veturku samam,"[1, 1, 1, 1, 1, 1]"
Makkal Pavam,"[1, 1]"
Edhu ellam pava sothu,"[1, 1, 1, 1]"
Dog mind voice : dai na poren da,"[2, 2, 2, 2, 1, 1, 1, 1]"
Andha dog evlo interesta irukku Adhayum serthukonga pa,"[1, 2, 1, 1, 1, 1, 1, 1]"
Tharamaana sambavam,"[1, 1]"
Anna amma cartooina,"[1, 1, 1]"
Dog belike : aiyaiyaiya adichukama evanavathu ponga pa Illana valiya vidu naa poren Ponnuuuuu,"[2, 2, 1, 1, 1, 1, 1, 1, 1, 1, 1, 1, 1, 1]"
Bro antha ball ice cream ball thana,"[2, 1, 2, 2, 2, 2, 1]"
Mass super,"[1, 2]"
Dog is my favorite,"[2, 2, 2, 2]"
Sema ya yemathitanga,"[1, 1, 1]"
Nrfm Familys unga dog maind voice vanthu dai naan poaraendanu solluthu nrfm bros,"[2, 2, 1, 2, 2, 2, 1, 1, 1, 1, 1, 2, 2]"
Fayas Anna So Cute,"[2, 1, 2, 2]"
Bro cricket videos podu bro please,"[2, 2, 2, 1, 2, 2]"
Thevaya pah Riyas uh,"[1, 1, 2, 1]"
master plan,"[2, 2]"
Hello bhai me bihar se hu,"[2, 3, 3, 3, 3, 3]"
Unga video la Fayaz bro so very cute,"[1, 2, 1, 2, 2, 2, 2, 2]"
Super,[2]
Super video,"[2, 2]"
Lucky chellm,"[2, 2]"
Vera level,"[1, 2]"
Bro Enna ku oru doubt fayas and moni love pandramgaka pls pls pls pls sollunga,"[2, 1, 1, 1, 2, 2, 2, 2, 2, 1, 2, 2, 2, 2, 1]"
Anna lucky wants the ball,"[1, 2, 2, 2, 2]"
Super,[2]
So cute,"[2, 2]"
Anna unga own sibblings name laam enna na,"[1, 1, 2, 2, 2, 1, 1, 1]"
NRFM Blog fan like,"[3, 2, 2, 2]"
Dog so cute,"[2, 2, 2]"
Super,[2]
Bro Ninga twins,"[2, 1, 2]"
Anna i love you fayas,"[1, 2, 2, 2, 2]"
Super,[2]
Bro andha dob gu pogudhan bro adhan anupunga,"[2, 1, 2, 2, 1, 2, 1, 1]"
Enna da ellame ore mathiri irukinga,"[1, 1, 1, 1, 1, 1]"
Ennagada ellarum ore mari irukkinga,"[1, 1, 1, 1, 1]"
Season 9 episode 08,"[2, 2, 2, 2]"
Dog: ball kuduraa mairu,"[2, 2, 1, 1]"
Aapka number movie please,"[1, 2, 2, 2]"
நல்லாக்கு,[0]
Neenga siblings Ethana peru Name sollungale,"[1, 2, 1, 1, 1, 1]"
Emantha riyas anna,"[1, 2, 1]"
Iyyo riyas anna ipdi aachche,"[2, 2, 1, 1, 1]"
Riyas pavum,"[2, 1]"
3 perum kudu poranthavangala,"[2, 1, 1, 1]"
அன்ணநிங்ககிர்கட்பிடிச்சிருக்கு,[0]
Unga 3 per face um ore maari iruku,"[1, 2, 2, 2, 1, 1, 1, 1]"
Pro dog cut,"[2, 2, 2]"
S,[3]
101,[2]
Sadfv aku sa hvsbnia hsshu,"[2, 1, 1, 1, 1]"
