comment,labels
Learn 20+ AI Tools and supercharge your productivity,"[2, 3, 2, 2, 2, 2, 2, 2]"
The private school mafia needs a full expos Youre the only one bold enough to do it,"[2, 2, 2, 2, 2, 2, 2, 2, 2, 2, 2, 2, 2, 2, 2, 2, 2]"
Dhruv is on a mission to change todays generation Salute to him,"[2, 2, 2, 2, 2, 2, 2, 2, 2, 2, 2, 2]"
Someone is still doing quality journalism We need more people like you in the industry my dude,"[2, 2, 2, 2, 2, 2, 2, 2, 2, 2, 2, 2, 2, 2, 2, 2, 2]"
Dhruv sir this is an eye opener Pls keep bringing more videos on this topic,"[2, 2, 2, 2, 2, 2, 2, 2, 2, 2, 2, 2, 2, 2, 2]"
He is the person who is raising the real issue of india Hats off to you man,"[2, 2, 2, 2, 2, 2, 2, 2, 2, 2, 2, 2, 2, 2, 2, 2, 2]"
Thank you for revealing that even individuals like mafias live freely while the poor continue to suffer in this unsafe country,"[2, 2, 2, 2, 2, 2, 2, 2, 2, 2, 2, 2, 2, 2, 2, 2, 2, 2, 2, 2, 2]"
Very much needed Please make a video on climate change and conservation since its a need of the hour,"[2, 2, 2, 2, 2, 2, 2, 2, 2, 2, 2, 2, 2, 2, 2, 2, 2, 2, 2]"
You are really taking up topics that truly matter the most in this country alongwith suggesting actual solutions,"[2, 2, 2, 2, 2, 2, 2, 2, 2, 2, 2, 2, 2, 2, 2, 2, 2, 2]"
We want a video on the private school mafia Its high time you step in and spread awareness Great job Dhruv,"[2, 2, 2, 2, 2, 2, 2, 2, 2, 2, 2, 2, 2, 2, 2, 2, 2, 2, 2, 2, 2]"
Next topic : Indian Private school mafia Aapse niwedan hai ispe jaroor ek video bnaye,"[2, 2, 2, 2, 2, 2, 2, 1, 1, 1, 1, 1, 1, 2, 1]"
Is tarah ki vedio banane ke liye bahut sukhriya no one is taking about this topic it may be the big concerns for indian,"[1, 1, 1, 2, 1, 1, 1, 1, 1, 2, 2, 2, 2, 2, 2, 2, 2, 2, 2, 2, 2, 2, 2, 2]"
Eye opening topic,"[2, 2, 2]"
Thank you again for this much needed topic dear brother This made me realize how ignorant I was and that I could actually help them in some way as a citizen Protecting our own families working efficiently and paying taxes are not enough to improve our country You are my inspiration,"[2, 2, 2, 2, 2, 2, 2, 2, 2, 2, 2, 2, 2, 2, 2, 2, 2, 2, 2, 2, 2, 2, 2, 2, 2, 2, 2, 2, 2, 2, 2, 2, 2, 2, 2, 2, 2, 2, 2, 2, 2, 2, 2, 2, 2, 2, 2, 2, 2, 2, 2]"
सुरेश माँझी की कहानी सुनकर दिल ही दहल गया कि मेरे कानपुर में इतने बुरे और कुकर्मी लोग रहते हैं,"[0, 0, 0, 0, 0, 0, 0, 0, 0, 0, 0, 0, 0, 0, 0, 0, 0, 0, 0, 0]"
Coaching And Private schools mafia needs some exposure,"[2, 2, 2, 2, 2, 2, 2, 2]"
It reminds me of a south indian movie showcasing the similar case The fact that its clearly existing so freely without the fear of anything,"[2, 2, 2, 2, 2, 2, 2, 2, 2, 2, 2, 2, 2, 2, 2, 2, 2, 2, 2, 2, 2, 2, 2, 2, 2]"
एक इंसान ऐसा भी जो देश के बाहर रहकर भी हर वक्त देश के बारे में सोचता है दिल से सलाम ध्रु भाई आपको,"[0, 0, 0, 0, 0, 0, 0, 0, 0, 0, 0, 0, 0, 0, 0, 0, 0, 0, 0, 0, 0, 0, 0, 0]"
The story of suresh made me cry with tears,"[2, 2, 2, 2, 2, 2, 2, 2, 2]"
Let me share you some incidents I stay in Hyderabad Sometimes even when I dont have money or change to give them beggar kids follow and harass me walking with me touching and pushing me Ive faced this situation many times Even if we give them some money sometimes they harass and follow by saying they want more Some adult beggars also do this,"[2, 2, 2, 2, 2, 2, 2, 2, 2, 2, 2, 2, 2, 2, 2, 2, 2, 2, 2, 2, 2, 2, 2, 2, 2, 2, 2, 2, 2, 2, 2, 2, 2, 2, 2, 2, 2, 2, 2, 2, 2, 2, 2, 2, 2, 2, 2, 2, 2, 2, 2, 2, 2, 2, 2, 2, 2, 2, 2, 2, 2, 2, 2, 2]"
Aise news dikhana media ka hota h but media ka kam aaj youtubers aur dhruve bhai kr rahe h thanks dhruve bhai,"[1, 2, 1, 2, 1, 1, 1, 2, 2, 1, 1, 1, 2, 1, 2, 1, 1, 1, 1, 2, 2, 1]"
This video hits hard Its painful to see how poverty is often manipulated for profit Thank you Dhruv for speaking about what most choose to ignore This needs national attention,"[2, 2, 2, 2, 2, 2, 2, 2, 2, 2, 2, 2, 2, 2, 2, 2, 2, 2, 2, 2, 2, 2, 2, 2, 2, 2, 2, 2, 2, 2]"
I am 14 years old hame aapke video se bahut kuch sikhne ko milta hai thanku bhaiya Hame aapke video ka wait rahta hai,"[2, 2, 2, 2, 2, 1, 1, 2, 1, 1, 1, 1, 1, 1, 1, 2, 1, 1, 1, 2, 1, 2, 1, 1]"
This is harsh reality of our country,"[2, 2, 2, 2, 2, 2, 2]"
Literally I was shocked when I listened to the story of Suresh Hats off to you,"[2, 2, 2, 2, 2, 2, 2, 2, 2, 2, 2, 2, 2, 2, 2, 2]"
ive known of these gangs for over 14 years now but never seen anyone prominent bring any attention to it glad its being brought out now,"[2, 2, 2, 2, 2, 2, 2, 2, 2, 2, 2, 2, 2, 2, 2, 2, 2, 2, 2, 2, 2, 2, 2, 2, 2, 2]"
ऐसी घटनाएं देख कर दिल दहल उठता है सुरेश के साथ जो हुआ वो किसी के साथ भी हो सकता है सही सलामत रहें,"[0, 0, 0, 0, 0, 0, 0, 0, 0, 0, 0, 0, 0, 0, 0, 0, 0, 0, 0, 0, 0, 0, 0, 0]"
Dhruv this video was truly eyeopening The way you exposed the dark side of the begging mafia is commendable I never realized that giving money without thinking could actually fuel such exploitation Thanks for raising awareness on such a sensitive issue,"[2, 2, 2, 2, 2, 2, 2, 2, 2, 2, 2, 2, 2, 2, 2, 2, 2, 2, 2, 2, 2, 2, 2, 2, 2, 2, 2, 2, 2, 2, 2, 2, 2, 2, 2, 2, 2, 2, 2, 2, 2]"
This issue is so important and Im grateful for this video to help bring awareness to it We need more voices like yours,"[2, 2, 2, 2, 2, 2, 2, 2, 2, 2, 2, 2, 2, 2, 2, 2, 2, 2, 2, 2, 2, 2, 2]"
I was noticing this problem for a long time but I did not get any information about it You raised this issue It is really a big problem Thanks Dhruv Rathi,"[2, 2, 2, 2, 2, 2, 2, 2, 2, 2, 2, 2, 2, 2, 2, 2, 2, 2, 2, 2, 2, 2, 2, 2, 2, 2, 2, 2, 2, 2, 2]"
आप एक रियल हीरो हो जो सच बोलने ओर दिखाने की हिम्मत रखता है भारत का दुर्भाग्य है आप जैसा व्यक्ति भारत का शिक्षा मंत्री होना चाहिए।,"[0, 0, 0, 0, 0, 0, 0, 0, 0, 0, 0, 0, 0, 0, 0, 0, 0, 0, 0, 0, 0, 0, 0, 0, 0, 0, 0]"
Hats off to Dhruv Rather this is the type of news we want from you,"[2, 2, 2, 2, 2, 2, 2, 2, 2, 2, 2, 2, 2, 2, 2]"
This is so sad Thanks for bringing this up Be safe everyone,"[2, 2, 2, 2, 2, 2, 2, 2, 2, 2, 2, 2]"
Dhruv Rathee जैसा कोई Youtuber नहीं है हमारे देश में,"[2, 2, 0, 0, 2, 0, 0, 0, 0, 0]"
You are great on journalism Hats off Dhrub Rathi,"[2, 2, 2, 2, 2, 2, 2, 2, 2]"
DHRUV IS ON A MISSION TO CHANGE TODAYS GENERATION SALUTE TO HIM,"[2, 2, 2, 2, 2, 2, 2, 2, 2, 2, 2, 2]"
Intro is just shocked me I feel Proud that i Follow a genuine person,"[2, 2, 2, 2, 2, 2, 2, 2, 2, 2, 2, 2, 2, 2]"
Finally you are back with the quality content last couple of months felt like thin content but this one is good as it was used to Keep it up,"[2, 2, 2, 2, 2, 2, 2, 2, 2, 2, 2, 2, 2, 2, 2, 2, 2, 2, 2, 2, 2, 2, 2, 2, 2, 2, 2, 2, 2]"
Our normal days is dream of many people This shows how privileged we are,"[2, 2, 2, 2, 2, 2, 2, 2, 2, 2, 2, 2, 2, 2]"
Thanks for getting onto this topic you are the only person who was brave to be able to do this,"[2, 2, 2, 2, 2, 2, 2, 2, 2, 2, 2, 2, 2, 2, 2, 2, 2, 2, 2, 2]"
Mujhe khusi hai koi desh se bahar rahkar bhi desh ke baare me sochta hai aur logo ko jagruk aur unite karta hai Respect to you,"[1, 1, 1, 1, 1, 1, 1, 1, 1, 1, 1, 1, 1, 1, 1, 1, 1, 1, 1, 1, 2, 1, 1, 2, 2, 2]"
Dhruv please continue this series Youre the only one who can do it,"[2, 2, 2, 2, 2, 2, 2, 2, 2, 2, 2, 2, 2]"
Dhruv Bhai Dunya khatam hojaye Lakin ap ki Content Hamesha Rahe Love you,"[2, 1, 1, 1, 1, 1, 1, 1, 2, 1, 1, 2, 2]"
The solutions which have been discussed at the end of this video are too good,"[2, 2, 2, 2, 2, 2, 2, 2, 2, 2, 2, 2, 2, 2, 2]"
बिल्कुल सही वीडियो है ये किस किस को ये वीडियो बहुत सही लगी thankyou Dhruv Bhai,"[0, 0, 0, 0, 0, 0, 0, 0, 0, 0, 0, 0, 0, 2, 2, 1]"
Mane Hamesha Suna tha har ek beggar ke piche koi ek head hota hai But Dhruv Rathee make excellent Topic,"[1, 1, 1, 1, 1, 1, 2, 1, 1, 1, 1, 2, 1, 1, 2, 2, 2, 2, 2, 2]"
105 in Hunger index 134 in HDI index,"[2, 2, 2, 2, 2, 2, 2, 2]"
Mai kanpur ka hi hu mujhe ye khabar nhi sunne ko mili Thanks Dhruv,"[1, 1, 1, 1, 1, 1, 1, 1, 1, 1, 1, 1, 2, 2]"
Main Andhra Pradesh se hoon yahan bhi aise hi haal hain par hum sirf ignore karte ja rahe hain Dhruv bhai sach dikhane ke liye dhanyavaad,"[1, 1, 1, 1, 1, 1, 1, 1, 1, 1, 1, 1, 1, 1, 2, 1, 1, 1, 1, 2, 1, 1, 1, 1, 1, 1]"
Why are all the haters silent now you are the only mainstream youtuber to expose these social evils keep it up,"[2, 2, 2, 2, 2, 2, 2, 2, 2, 2, 2, 2, 2, 2, 2, 2, 2, 2, 2, 2, 2]"
Dhruv Rathee is the definition of how a content should be on YouTube No reviews no illogical stunts,"[2, 2, 2, 2, 2, 2, 2, 2, 2, 2, 2, 2, 2, 2, 2, 2, 2, 2]"
But true problems of our society,"[2, 2, 2, 2, 2, 2]"
Love from Maharashtra,"[2, 2, 1]"
I am from Kanpur and the terms Jhakarkatti and Yashoda Nagar sound so relatable by the way very nice and informative content yet again as always,"[2, 2, 2, 1, 2, 2, 2, 1, 2, 1, 1, 2, 2, 2, 2, 2, 2, 2, 2, 2, 2, 2, 2, 2, 2, 2]"
जब तक वीडियो देखता रहा रूह कांप गई शरीर के रोंगटे खड़े हो गए सुरेश जी की कहानी सुन कर,"[0, 0, 0, 0, 0, 0, 0, 0, 0, 0, 0, 0, 0, 0, 0, 0, 0, 0, 0, 0]"
Next level AI Dhruv bhai Im eagerly waiting for such upcoming AI content,"[2, 2, 2, 2, 1, 2, 2, 2, 2, 2, 2, 2, 2]"
Dhruv to hai We are love you,"[2, 1, 1, 2, 2, 2, 2]"
Great programme Hope this helps us understand this socioeconomic complexity,"[2, 2, 2, 2, 2, 2, 2, 2, 2, 2]"
एक यूट्यूबर सरकार हिला सकता है ध्रुव भाई जिंदाबाद,"[0, 0, 0, 0, 0, 0, 0, 0, 0]"
Dhruv beta bhut hi achhi achhi jankariya lekar aate ho tum Pr aaj to dil ko jhakjhor diya,"[2, 1, 1, 1, 1, 1, 1, 1, 1, 1, 1, 1, 1, 1, 1, 1, 1, 1]"
If the leaders of any country watch Dhruvs videos that country will be called heaven,"[2, 2, 2, 2, 2, 2, 2, 2, 2, 2, 2, 2, 2, 2, 2]"
Grate topic u have ever raised sir,"[2, 2, 2, 2, 2, 2, 2]"
ये है असली समस्याएं हमारे देश की,"[0, 0, 0, 0, 0, 0, 0]"
Sari duniya ek taraf or bhai ka content ek taraf,"[1, 1, 1, 1, 1, 1, 1, 2, 1, 1]"
जो काम मेन स्ट्रीम मीडिया को करना चाहिए वो काम आप कर रहे है आप एक सच्चे देशभक्त है मै आपको दिल से मानता हु,"[0, 0, 0, 0, 0, 0, 0, 0, 0, 0, 0, 0, 0, 0, 0, 0, 0, 0, 0, 0, 0, 0, 0, 0, 0]"
सफलता हमारा परिचय दुनिया से करवाती है और असफलता हमें दुनिया का परिचय करवाती है,"[0, 0, 0, 0, 0, 0, 0, 0, 0, 0, 0, 0, 0, 0, 0]"
How can people Be So Menace Its So Disappointing and sad at the same time,"[2, 2, 2, 2, 2, 2, 2, 2, 2, 2, 2, 2, 2, 2, 2]"
Zabardast information dhruv bhai Humesha ki tarah,"[1, 2, 2, 1, 1, 1, 1]"
छत्तीसगढ़ से ध्रुराठी sir आपको जय जोहार,"[0, 0, 0, 2, 0, 0, 0]"
When I was 9 yrs old A uncle came to kidnap me but somehow I ran away That scene is so scary even to think about for me All praise to god who saved me,"[2, 2, 2, 2, 2, 2, 2, 2, 2, 2, 2, 2, 2, 2, 2, 2, 2, 2, 2, 2, 2, 2, 2, 2, 2, 2, 2, 2, 2, 2, 2, 2, 2, 2, 2]"
Really you choose very unique topics Appreciation,"[2, 2, 2, 2, 2, 2, 2]"
Bhai ye sab dekh kar dil seham gaya insaan is kaliyug mein kya se kya bann gaya,"[1, 1, 1, 1, 1, 1, 1, 1, 1, 1, 1, 1, 1, 1, 1, 1, 1]"
Aisi घटनाएं अभी तक सिर्फ़ फिल्मों मे देखा गया था आज रियल मे भी देख लिया सुन लिया अब भारत को विश्वगुरु बनने से कोई नहीं रोक सकता,"[1, 0, 0, 0, 0, 0, 0, 0, 0, 0, 0, 0, 0, 0, 0, 0, 0, 0, 0, 0, 0, 0, 0, 0, 0, 0, 0, 0]"
Good work by you and good collection of information and analysis Thanks From sanjay srivastava,"[2, 2, 2, 2, 2, 2, 2, 2, 2, 2, 2, 2, 2, 2, 2]"
बदल न जाना तुम दुनिया की तरह मेरा आखिरी यकीन तुम हो salute to DHRUV RATHI SIR,"[0, 0, 0, 0, 0, 0, 0, 0, 0, 0, 0, 0, 2, 2, 2, 2, 2]"
Dhruuv hai to shayad iss desh ka kuch ho sakta hai varna yanha to har koi hm sabhi ko gummrah kar rahe hai Salute u brother,"[2, 1, 1, 1, 1, 1, 1, 1, 1, 1, 1, 1, 1, 1, 1, 1, 1, 1, 1, 1, 1, 1, 1, 2, 2, 2]"
The guy who was struggled by this mafia is very horror I feel very bad for it our india have this type of humans Thanks druv rathee for giving us this information,"[2, 2, 2, 2, 2, 2, 2, 2, 2, 2, 2, 2, 2, 2, 2, 2, 2, 2, 2, 2, 2, 2, 2, 2, 2, 2, 2, 2, 2, 2, 2, 2]"
Thanks for spreading awareness,"[2, 2, 2, 2]"
भारत में हो रही प्राइवेट स्कूलों की लूट पर वीडियो बनाओ सच्चे और ईमानदारी से प्लीज़,"[0, 0, 0, 0, 0, 0, 0, 0, 0, 0, 0, 0, 0, 0, 0, 0]"
मुझे वीडियो देखकर बहुत आनंद आया। मैं आपके सभी वीडियो देखता हूं आपके वीडियो देखने से बहुत सी बातें सीखने को मिलती हैं।,"[0, 0, 0, 0, 0, 0, 0, 0, 0, 0, 0, 0, 0, 0, 0, 0, 0, 0, 0, 0, 0, 0, 0]"
Please do a video on Private school loots,"[2, 2, 2, 2, 2, 2, 2, 2]"
Thanks for this video really helpful,"[2, 2, 2, 2, 2, 2]"
Love from Uttrakhand,"[2, 2, 1]"
आज की वीडियो ने हिला दिया आज से आपका फैन हो गया सच्चाई आप ने ही दिखाया मीडिया वाले का काम आप कर रहे है सरकार को कुछ करना चाहिए इस सब के लिए,"[0, 0, 0, 0, 0, 0, 0, 0, 0, 0, 0, 0, 0, 0, 0, 0, 0, 0, 0, 0, 0, 0, 0, 0, 0, 0, 0, 0, 0, 0, 0, 0, 0, 0]"
ये गैंग दिल्ली में भी एक्टिव हैं और 2014 के बाद और तेज़ हो गए हैं ।,"[0, 0, 0, 0, 0, 0, 0, 0, 2, 0, 0, 0, 0, 0, 0, 0, 0]"
Wow This brings tears to my eyes This is so raw and true,"[2, 2, 2, 2, 2, 2, 2, 2, 2, 2, 2, 2, 2]"
In India Dhurv rathee Salute to you both,"[2, 2, 2, 2, 2, 2, 2, 2]"
Need of an hour Sir keep making us aware about these issues,"[2, 2, 2, 2, 2, 2, 2, 2, 2, 2, 2, 2]"
Next video on private school mafia,"[2, 2, 2, 2, 2, 2]"
Love you Bro From Andhra Pradesh,"[2, 2, 2, 2, 1, 1]"
Yes dhruv please a video on private school mafia,"[2, 2, 2, 2, 2, 2, 2, 2, 2]"
Watching from Sindh Pakistan Also an independent member of Provincial Assembly of Sindh Liked your opinion I raise my voice in our Sindh Assembly Soon I will present a Bill Against Beggar Mafia`s,"[2, 2, 1, 2, 2, 2, 2, 2, 2, 2, 2, 2, 1, 2, 2, 2, 2, 2, 2, 2, 2, 2, 1, 2, 2, 2, 2, 2, 2, 2, 2, 2, 2]"
यह बहुत ही दुखद घटना है ध्रुव जी अपने सच्चाई को सबके सामने लाया उसके लिए दिल से धन्यवाद,"[0, 0, 0, 0, 0, 0, 0, 0, 0, 0, 0, 0, 0, 0, 0, 0, 0, 0, 0]"
Tamil movies like 6 candles 2013 Naan Kadavul 2009 Villan 2002 have shown about these beggar Mafia Never realised that these are still happening,"[2, 2, 2, 2, 2, 2, 3, 3, 2, 2, 2, 2, 2, 2, 2, 2, 2, 2, 2, 2, 2, 2, 2, 2]"
Just wanted to let you know that your videos are really good and helps everyone be aware of reality of the world especially India,"[2, 2, 2, 2, 2, 2, 2, 2, 2, 2, 2, 2, 2, 2, 2, 2, 2, 2, 2, 2, 2, 2, 2, 2]"
ध्रुव भाई साहब इतनी कड़वी सच्चाई मुद्दे उठाते हैं जिसको भारत के बहुत सारे माफिया व्यापारी राजनीति लोग पसंद नहीं करते लेकिन सच कभी हारता नहीं,"[0, 0, 0, 0, 0, 0, 0, 0, 0, 0, 0, 0, 0, 0, 0, 0, 0, 0, 0, 0, 0, 0, 0, 0, 0, 0]"
Its really hard to accept these cruelty The government should take necessary steps to prevent these situations and rescue them My heart aches after watching this video Take our love We always be with humanity,"[2, 2, 2, 2, 2, 2, 2, 2, 2, 2, 2, 2, 2, 2, 2, 2, 2, 2, 2, 2, 2, 2, 2, 2, 2, 2, 2, 2, 2, 2, 2, 2, 2, 2, 2]"
Dhruv brother i just salute to you for doing the great job,"[2, 2, 2, 2, 2, 2, 2, 2, 2, 2, 2, 2]"
You dont just point out the problem but also explain the solutions thats the best part of your videos,"[2, 2, 2, 2, 2, 2, 2, 2, 2, 2, 2, 2, 2, 2, 2, 2, 2, 2, 2]"
मुझे आपके सभी वीडियो पर 100% भरोसा होता है कि आप सही कहते है,"[0, 0, 0, 0, 0, 2, 0, 0, 0, 0, 0, 0, 0, 0]"
Indian Private School mafia pe ek video chahiye bhai,"[2, 2, 2, 2, 1, 1, 2, 1, 1]"
He is not only making videos but also try to give solution great work,"[2, 2, 2, 2, 2, 2, 2, 2, 2, 2, 2, 2, 2, 2]"
Bhai apki knowledge aur har topics diya gaya jaankari anoka aur 1000% sanchai hai apki sewa desh ko badlay,"[1, 1, 2, 1, 1, 2, 1, 1, 1, 1, 1, 3, 1, 1, 1, 1, 1, 1, 1]"
ये सारी चीजों के बारे में आज कल कोई बात नहीं करता आपका धन्यवाद इतने गंभीर मुद्दे को उठाने के लिए,"[0, 0, 0, 0, 0, 0, 0, 0, 0, 0, 0, 0, 0, 0, 0, 0, 0, 0, 0, 0, 0]"
Thank you for the information,"[2, 2, 2, 2, 2]"
So informative video,"[2, 2, 2]"
Dhruv Rathee वही बातें मिनटों में साफ बता देते हैं जो लोगों को सालों में समझ आती हैं। ये वीडियो सिर्फ एक वीडियो नहीं बल्कि हमारे समाज और सिस्टम का आईना है। अगर हर कोई ऐसा सोचना शुरू कर दे तो बदलाव जरूर आएगा। जिसने ये देखा और फिर भी अनदेखा किया वो अभी नहीं तो कभी जरूर जागेगा। ऐसे वीडियो उम्मीद की एक किरण हैं। Respect,"[2, 2, 0, 0, 0, 0, 0, 0, 0, 0, 0, 0, 0, 0, 0, 0, 0, 0, 0, 0, 0, 0, 0, 0, 0, 0, 0, 0, 0, 0, 0, 0, 0, 0, 0, 0, 0, 0, 0, 0, 0, 0, 0, 0, 0, 0, 0, 0, 0, 0, 0, 0, 0, 0, 0, 0, 0, 0, 0, 0, 0, 0, 0, 0, 0, 0, 2]"
सच्चाई को सामने लाने के लिए बहुत बहुत धन्यवाद ध्रुव सर,"[0, 0, 0, 0, 0, 0, 0, 0, 0, 0, 0]"
Thanks for highlighting,"[2, 2, 2]"
School just books knowledge Love you,"[2, 2, 2, 2, 2, 2]"
सच्चे देश भक्त ध्रुव राठी हैँ जो बरोबर मुद्दे की बात करते हैँ देश की बहुत चिंता ध्रुव भाई को,"[0, 0, 0, 0, 0, 0, 0, 0, 0, 0, 0, 0, 0, 0, 0, 0, 0, 0, 0, 0]"
Thank You Dhruv Bhaiya to dont pass the disturbing information becoz you know ki aapki videos jyada trr hum Bacche younsters/New Generation hi dekhate hai and thank you to tell us a new information becoz es chiz ki trf dhyaan jana thoda mushkil tha,"[2, 2, 2, 1, 2, 2, 2, 2, 2, 2, 2, 2, 2, 1, 1, 2, 1, 1, 1, 1, 2, 2, 1, 1, 1, 2, 2, 2, 2, 2, 2, 2, 2, 2, 2, 1, 1, 1, 1, 1, 1, 1, 1, 1]"
Great dhruv great going,"[2, 2, 2, 2]"
You cant always tell who truly needs help and whos just pretending,"[2, 2, 2, 2, 2, 2, 2, 2, 2, 2, 2, 2]"
हम सब को जागरूक होना होगा। ताकि देश को आगे ले जाया जाए आप सब कि जरुरत होगी इसमे हिंदु और मुसलमान सिखों ईसाई सभी भारतीय लोगो का योगदान चाहिए हम सब भारतीय हैं और मिलकर एक नया भारत बनाते हैं आइए हम सब शुरूआत करें,"[0, 0, 0, 0, 0, 0, 0, 0, 0, 0, 0, 0, 0, 0, 0, 0, 0, 0, 0, 0, 0, 0, 0, 0, 0, 0, 0, 0, 0, 0, 0, 0, 0, 0, 0, 0, 0, 0, 0, 0, 0, 0, 0, 0, 0, 0]"
विकसित भारत शिक्षित भारत ख़ुशहाल भारत हैप्पी नेस इंडेक्स में नीचे से टॉपर हमारा भारत। ऐसे ही विश्वगुरु थोड़े ही हैं हम।,"[0, 0, 0, 0, 0, 0, 0, 0, 0, 0, 0, 0, 0, 0, 0, 0, 0, 0, 0, 0, 0, 0]"
I am not your supporter but this is a eye opener video for our society Good topic good job done by you,"[2, 2, 2, 2, 2, 2, 2, 2, 2, 2, 2, 2, 2, 2, 2, 2, 2, 2, 2, 2, 2, 2]"
Hello Mr Rathee I requested to you make a video on Dr Br Ambedkar because many people dont know the actual mindset of baba saheb Ambedkar you make a video on baba saheb then people know who is ambedkar I hope you absolutely make a video on Dr Br Ambedkar,"[2, 2, 2, 2, 2, 2, 2, 2, 2, 2, 2, 2, 2, 2, 2, 2, 2, 2, 2, 2, 2, 2, 2, 1, 1, 1, 2, 2, 2, 2, 2, 1, 1, 2, 2, 2, 2, 2, 2, 2, 2, 2, 2, 2, 2, 2, 2, 2, 2, 2]"
Apka content ka koi jawab nhi bhaiya nice information,"[1, 2, 1, 1, 1, 1, 1, 2, 2]"
Yes this is true incident from kanpur You are highlighting real issues in India Well done,"[2, 2, 2, 2, 2, 2, 1, 2, 2, 2, 2, 2, 2, 2, 2, 2]"
Nice Video well explained,"[2, 2, 2, 2]"
Omg Most Needed Eye Opener Topic and Video ThankU Dhruv Beta,"[2, 2, 2, 2, 2, 2, 2, 2, 2, 2, 1]"
ध्रूवी है तो शायद देश का कुछ हो सकता है वर्ना यंहा तो हर कोई सभी को गुम्मराह कर रहे है तुम्हें सलाम भाई,"[0, 0, 0, 0, 0, 0, 0, 0, 0, 0, 0, 0, 0, 0, 0, 0, 0, 0, 0, 0, 0, 0, 0, 0]"
Love From Uttar Pradesh Dhruv Bhai,"[2, 2, 1, 1, 2, 1]"
Ur videos are really informative dada,"[2, 2, 2, 2, 2, 1]"
Hats Off Man You are doing an incredible work,"[2, 2, 2, 2, 2, 2, 2, 2, 2]"
This video boils my blood and melts my heart at the same time This video is really special for me as my lifes main motto is to change atleast 1 begger childs life Give him what every normal child gets Education food and most important of all LOVE,"[2, 2, 2, 2, 2, 2, 2, 2, 2, 2, 2, 2, 2, 2, 2, 2, 2, 2, 2, 2, 2, 2, 2, 2, 2, 2, 2, 2, 2, 2, 2, 2, 2, 2, 2, 2, 2, 2, 2, 2, 2, 2, 2, 2, 2, 2, 2, 2]"
Only he is the man who thinks all about the world Salute bro 100 times we are with u,"[2, 2, 2, 2, 2, 2, 2, 2, 2, 2, 2, 2, 2, 2, 2, 2, 2, 2, 2]"
Great coverage,"[2, 2]"
अज़ीब है ये दुनिया ऐसे क्राइम सुनकर दिल दहल जाता है,"[0, 0, 0, 0, 0, 0, 0, 0, 0, 0, 0]"
Mujhe youtube par most sensible talk dhruv ka lagta ha love you bro,"[1, 2, 1, 2, 2, 2, 2, 1, 1, 1, 2, 2, 2]"
Big fan from Arunachal Pradesh,"[2, 2, 2, 1, 1]"
Thank you for providing the solution also,"[2, 2, 2, 2, 2, 2, 2]"
Dhruv is on the way to change todays genration Hats off to you,"[2, 2, 2, 2, 2, 2, 2, 2, 2, 2, 2, 2, 2]"
मुझे इनकी वीडियो से बहुत कुछ सीखने को मिलता है thank you sir अपने देश के बारे में जाने को जो जो हो रहा है बाहर,"[0, 0, 0, 0, 0, 0, 0, 0, 0, 0, 2, 2, 2, 0, 0, 0, 0, 0, 0, 0, 0, 0, 0, 0, 0, 0]"
at the end its not only about watching the video and later forgetting the issue the real deed starts with a change we need to change it depends on us only we can make our country better but lets also consider solving this issue as citizens united we stand,"[2, 2, 2, 2, 2, 2, 2, 2, 2, 2, 2, 2, 2, 2, 2, 2, 2, 2, 2, 2, 2, 2, 2, 2, 2, 2, 2, 2, 2, 2, 2, 2, 2, 2, 2, 2, 2, 2, 2, 2, 2, 2, 2, 2, 2, 2, 2, 2, 2]"
Usefull information im agree with u,"[2, 2, 2, 2, 2, 2]"
You spoke the TRUTH Well done,"[2, 2, 2, 2, 2, 2]"
Bhai dhru Rathi itni laajawab vedeos kese banate ho you are brilliant minded salute my dear se,"[1, 2, 2, 1, 1, 2, 1, 1, 1, 2, 2, 2, 2, 2, 2, 2, 3]"
We need people like you please save country support this person,"[2, 2, 2, 2, 2, 2, 2, 2, 2, 2, 2]"
Thanks for raising this issue,"[2, 2, 2, 2, 2]"
Only Dhuruv Rathi can raise his voice without any fear in this world whereas even lesser media can also do it Salute Dhuruv Rathi,"[2, 2, 2, 2, 2, 2, 2, 2, 2, 2, 2, 2, 2, 2, 2, 2, 2, 2, 2, 2, 2, 2, 2, 2]"
Bhopal district administration has also imposed a ban on begging giving alms and purchasing goods from beggars invoking specific sections of the Bharatiya Nagrik Suraksha Sanhita BNSS,"[1, 2, 2, 2, 2, 2, 2, 2, 2, 2, 2, 2, 2, 2, 2, 2, 2, 2, 2, 2, 2, 2, 1, 1, 1, 1, 2]"
I still feel like there are some beggars who brought their tragedy upon themselves They had time and resources but they didnt utilised them Also the beggars who act like they have a disability or some sort of problem Just makes me sad,"[2, 2, 2, 2, 2, 2, 2, 2, 2, 2, 2, 2, 2, 2, 2, 2, 2, 2, 2, 2, 2, 2, 2, 2, 2, 2, 2, 2, 2, 2, 2, 2, 2, 2, 2, 2, 2, 2, 2, 2, 2, 2, 2]"
very useful information,"[2, 2, 2]"
Thank you man you are atleast one try to cleaning India god bless you stay blessed always,"[2, 2, 2, 2, 2, 2, 2, 2, 2, 2, 2, 2, 2, 2, 2, 2, 2]"
one heart for MLA,"[2, 2, 2, 2]"
यह बहुत बडी समस्या है देश की। बडे शहरों मे यह जबरदस्त फल फुल रहे है।आपने यह मुद्दा को उठाया आपको से सलाम। बहुत बहुत धन्यवाद।,"[0, 0, 0, 0, 0, 0, 0, 0, 0, 0, 0, 0, 0, 0, 0, 0, 0, 0, 0, 0, 0, 0, 0, 0, 0, 0]"
So educative information Thanks,"[2, 2, 2, 2]"
आप देश के सच्चाई दिखा रहो हो आप सच्चे देशभक्त हों।।,"[0, 0, 0, 0, 0, 0, 0, 0, 0, 0, 0]"
Dhruv bhai apka content ka level hi alag rhta hai,"[2, 1, 1, 2, 1, 2, 1, 1, 1, 1]"
Thanks for knowledge,"[2, 2, 2]"
Such an amazing video After long time Thanks a lot Unique topic nice view,"[2, 2, 2, 2, 2, 2, 2, 2, 2, 2, 2, 2, 2, 2]"
In a country well governed poverty is something to be ashamed of In a country badly governed wealth is something to be ashamed of Confucius,"[2, 2, 2, 2, 2, 2, 2, 2, 2, 2, 2, 2, 2, 2, 2, 2, 2, 2, 2, 2, 2, 2, 2, 2, 2]"
Sometimes I wonder what will happen to this country everywhere I look something wrong is happening It makes me feel sad and helpless at times,"[2, 2, 2, 2, 2, 2, 2, 2, 2, 2, 2, 2, 2, 2, 2, 2, 2, 2, 2, 2, 2, 2, 2, 2, 2]"
Hats off to you for such great videos,"[2, 2, 2, 2, 2, 2, 2, 2]"
I was noticing this problem for a long time but I did not get any information about it You raised this issue It is really a big problem Thanks Dhruv bhaiya,"[2, 2, 2, 2, 2, 2, 2, 2, 2, 2, 2, 2, 2, 2, 2, 2, 2, 2, 2, 2, 2, 2, 2, 2, 2, 2, 2, 2, 2, 2, 1]"
I cant believe India is still like this Really THank Dhruv Rathee keeping us updated about whats going on in India even Globally,"[2, 2, 2, 2, 2, 2, 2, 2, 2, 2, 2, 2, 2, 2, 2, 2, 2, 2, 2, 2, 2, 2, 2]"
Ek hi dil ha kitne baar jitoge dhruv bhai,"[1, 1, 1, 1, 1, 1, 1, 2, 1]"
Please do video on Gold,"[2, 2, 2, 2, 2]"
Indian and Pakistan k beggers ki kafi bate similar hai Mr Dhurav ki Investigation perfect hai,"[2, 2, 2, 1, 2, 1, 1, 1, 2, 1, 2, 2, 1, 2, 2, 1]"
Mai Kanpur se hi hu ye baat bilkul thik hai jo bhaiya ne btaya hai,"[1, 1, 1, 1, 1, 1, 1, 1, 1, 1, 1, 1, 1, 1, 1]"
Indian Private school mafia make a video on it Please,"[2, 2, 2, 2, 2, 2, 2, 2, 2, 2]"
In Nepal there are many Indian beggars who often trouble the public by persistently asking for money It creates an uncomfortable situation for many people and in some cases it feels quite intrusive Thanks for making such video,"[2, 2, 2, 2, 2, 2, 2, 2, 2, 2, 2, 2, 2, 2, 2, 2, 2, 2, 2, 2, 2, 2, 2, 2, 2, 2, 2, 2, 2, 2, 2, 2, 2, 2, 2, 2, 2, 2]"
Kanha kanha se dhund ke late hai ayse video Dhruv Sir Nanam hai aapke charnon ko,"[1, 1, 1, 1, 1, 1, 1, 1, 2, 2, 2, 1, 1, 1, 1, 1]"
क्या मेरा प्यारा देश भारत की बात हो रही है रूह झकझोर देने वाली बात है,"[0, 0, 0, 0, 0, 0, 0, 0, 0, 0, 0, 0, 0, 0, 0, 0]"
ध्रुव राठी आपने बहुत सुंदर और बढ़िया episode बनाया है,"[0, 0, 0, 0, 0, 0, 0, 2, 0, 0]"
I am 17 years old and I watch your videos I get to learn a lot from your videos and it helps me in my studies and I get to think about what is going on in our country and we get to know about it Thank you,"[2, 2, 2, 2, 2, 2, 2, 2, 2, 2, 2, 2, 2, 2, 2, 2, 2, 2, 2, 2, 2, 2, 2, 2, 2, 2, 2, 2, 2, 2, 2, 2, 2, 2, 2, 2, 2, 2, 2, 2, 2, 2, 2, 2, 2, 2, 2, 2]"
सरकार के काम को ध्रुव सर कर रहे हैं आपके काम को सलाम,"[0, 0, 0, 0, 0, 0, 0, 0, 0, 0, 0, 0, 0]"
Our country needs more people like you dhruv bhaiya,"[2, 2, 2, 2, 2, 2, 2, 2, 1]"
I was noticed this problem for a long time but I didnt get aby information about it You raised the issue its really a big problem Thanks dhruv sir,"[2, 2, 2, 2, 2, 2, 2, 2, 2, 2, 2, 2, 2, 2, 2, 2, 2, 2, 2, 2, 2, 2, 2, 2, 2, 2, 2, 2, 2]"
Love from Assam,"[2, 2, 1]"
Love you bro from Uttar Pradesh Best Indian YouTuber,"[2, 2, 2, 2, 1, 1, 2, 2, 2]"
Dear Dhruv brother you have a very big heart,"[2, 2, 2, 2, 2, 2, 2, 2, 2]"
Next Topic West Bengals current situation,"[2, 2, 2, 1, 2, 2]"
Excellent mind you dhruv ji,"[2, 2, 2, 2, 1]"
I am shocked to find out the story shared in the start of the video How csn someone be so inhuman,"[2, 2, 2, 2, 2, 2, 2, 2, 2, 2, 2, 2, 2, 2, 2, 2, 2, 2, 2, 2, 2]"
I am in 10th class and rathee sir I love watching your all types of videos I just love the way you explain the way you start the introduction of the whole video the way you show us the graphs I think you are the one who steps 1st to change the world and rathee sir trust us we are ensuring you that we all together help you and give our support to you I have no words to describe my pleasure after knowing you,"[2, 2, 2, 2, 2, 2, 2, 2, 2, 2, 2, 2, 2, 2, 2, 2, 2, 2, 2, 2, 2, 2, 2, 2, 2, 2, 2, 2, 2, 2, 2, 2, 2, 2, 2, 2, 2, 2, 2, 2, 2, 2, 2, 2, 2, 2, 2, 2, 2, 2, 2, 2, 2, 2, 2, 2, 2, 2, 2, 2, 2, 2, 2, 2, 2, 2, 2, 2, 2, 2, 2, 2, 2, 2, 2, 2, 2, 2, 2, 2, 2, 2, 2, 2, 2]"
hey bhagwan hey bhagwan karte karte pura vdo dekhi hun and intro bichara suresh Im just speechless after listening to this,"[1, 1, 1, 1, 1, 1, 1, 2, 1, 1, 2, 1, 2, 1, 2, 2, 2, 2, 2, 2, 2]"
Most valuable information,"[2, 2, 2]"
Love from chhattisgarh kawardha Jai johar,"[2, 2, 1, 1, 1, 1]"
Im working in South Korea for past one month and I wish similar thing happens in our country,"[2, 2, 2, 2, 2, 2, 2, 2, 2, 2, 2, 2, 2, 2, 2, 2, 2, 2]"
That girl was frightened she told if her boss or her brother caught her talking to stranger than theyll punish her,"[2, 2, 2, 2, 2, 2, 2, 2, 2, 2, 2, 2, 2, 2, 2, 2, 2, 2, 2, 2, 2]"
O my god this is absolutely unbelievable no director or politician raised this issue or made a movie on it,"[2, 2, 2, 2, 2, 2, 2, 2, 2, 2, 2, 2, 2, 2, 2, 2, 2, 2, 2, 2]"
Your videos are way better and educational than Watching baseless reels on instagram and YouTube,"[2, 2, 2, 2, 2, 2, 2, 2, 2, 2, 2, 2, 2, 2, 2]"
किती दुरदृष्टी म्हणावं सर जय महाराष्ट्र,"[0, 0, 0, 0, 0, 0]"
Child Begging Needs to Stop They Need Education,"[2, 2, 2, 2, 2, 2, 2, 2]"
This is the real face of our society,"[2, 2, 2, 2, 2, 2, 2, 2]"
This topic is most needed tired to watching in every red signal light lots of beggars government r blind,"[2, 2, 2, 2, 2, 2, 2, 2, 2, 2, 2, 2, 2, 2, 2, 2, 2, 2, 2]"
How cruel is that people are ready to exploit other people,"[2, 2, 2, 2, 2, 2, 2, 2, 2, 2, 2]"
Salute my brother lots of love from tamilnadu,"[2, 2, 2, 2, 2, 2, 2, 1]"
i think that its your and my and all others peoples duty to solve problem and make well educated to upcoming generation graet work well done,"[2, 2, 2, 2, 2, 2, 2, 2, 2, 2, 2, 2, 2, 2, 2, 2, 2, 2, 2, 2, 2, 2, 2, 2, 2, 2]"
This video is truly an eyeopener regarding the situation of beggars around us Yakeen nahi hota log itni had tak ja sakte hain Problem kaafi serious hai aur iska solution large scale pe government level se aana chahiye Thanks for also highlighting ki sarkar basic level ka kaam bhi nahi kar rahi is issue ko tackle karne ke liye,"[2, 2, 2, 2, 2, 2, 2, 2, 2, 2, 2, 2, 2, 1, 1, 1, 1, 1, 1, 1, 1, 1, 1, 2, 1, 2, 1, 1, 1, 2, 2, 2, 1, 2, 2, 1, 1, 1, 2, 2, 2, 2, 1, 1, 2, 2, 1, 1, 1, 1, 1, 1, 1, 2, 1, 2, 1, 1, 1]"
Im 16 and I Watch Your Every Video and It is Very Informative Keep it Up,"[2, 2, 2, 2, 2, 2, 2, 2, 2, 2, 2, 2, 2, 2, 2, 2]"
May God keep u safe Raising real issue of india,"[2, 2, 2, 2, 2, 2, 2, 2, 2, 2]"
Very nice information boss thanks,"[2, 2, 2, 2, 2]"
He is a teacher which i allways wished to be in my education time,"[2, 2, 2, 2, 2, 2, 2, 2, 2, 2, 2, 2, 2, 2]"
Im so proud of you dhruv Keep it up love from burundi,"[2, 2, 2, 2, 2, 2, 2, 2, 2, 2, 2, 1]"
As a beggar i can confirm that whatever he said is true,"[2, 2, 2, 2, 2, 2, 2, 2, 2, 2, 2, 2]"
Thanks for such a bold information,"[2, 2, 2, 2, 2, 2]"
Thank you for revealing that even individuals like mafias live freely while the poor continue to suffer in this unsafe country,"[2, 2, 2, 2, 2, 2, 2, 2, 2, 2, 2, 2, 2, 2, 2, 2, 2, 2, 2, 2, 2]"
Aaj ki duniya mei hame clarity chahiye 1 like for dhruv bhai,"[1, 1, 1, 1, 1, 2, 1, 2, 2, 2, 2, 1]"
Your thinking so positive sir,"[2, 2, 2, 2, 2]"
Another Revolutionary video by Mr Knowledge You are shaking up the whole system,"[2, 2, 2, 2, 2, 2, 2, 2, 2, 2, 2, 2, 2]"
Thank you for your excellent work,"[2, 2, 2, 2, 2, 2]"
Dealing with beggars is like a two edged sword Beggars in mumbai are very aggressive they often send their children to beg We can help the poor and needy but dealing with aggressive beggars is much of a hassle,"[2, 2, 2, 2, 2, 2, 2, 2, 2, 2, 2, 2, 2, 2, 2, 2, 2, 2, 2, 2, 2, 2, 2, 2, 2, 2, 2, 2, 2, 2, 2, 2, 2, 2, 2, 2, 2, 2, 2]"
Dhruv we need 100000 more like u,"[2, 2, 2, 2, 2, 2, 2]"
Love the way how you surfaced this issue with data,"[2, 2, 2, 2, 2, 2, 2, 2, 2, 2]"
Knowledge Full video,"[2, 2, 2]"
Im from Assam and this begger situation is very bad here We get 3 to 10 beggers everyday They come to our house and keep asking for money,"[2, 2, 1, 2, 2, 2, 2, 2, 2, 2, 2, 2, 2, 2, 2, 2, 2, 2, 2, 2, 2, 2, 2, 2, 2, 2, 2, 2]"
आज ही एक भिखारी मुस्लिम औरत मिली थी इसी उम्र के बच्चे को गोदी में उठाए हुए। बच्चा सो रहा था। मैंने पूछा सबके बच्चे हमेशा सोते क्यों रहते हैं। वो कुछ नहीं बोली। मैं आधार कार्ड भी मांगने की सोच रहा था इसने में मेरी वाइफ को इस पर दया आ गई और उसने 10 रुपए से दिए। और आज ही तुम्हारी यह वीडियो आ गई। बहुत अच्छा काम किया जागरूक करने का,"[0, 0, 0, 0, 0, 0, 0, 0, 0, 0, 0, 0, 0, 0, 0, 0, 0, 0, 0, 0, 0, 0, 0, 0, 0, 0, 0, 0, 0, 0, 0, 0, 0, 0, 0, 0, 0, 0, 0, 0, 0, 0, 0, 0, 0, 0, 0, 0, 0, 0, 0, 0, 0, 0, 0, 2, 0, 0, 0, 0, 0, 0, 0, 0, 0, 0, 0, 0, 0, 0, 0, 0, 0, 0]"
Apki videos se bahut kuch sikhne ko milta hi,"[1, 2, 1, 1, 1, 1, 1, 1, 1]"
itne bure log kaise ho skte hn so sad,"[1, 1, 1, 1, 1, 1, 1, 2, 2]"
Dhruv your ability to break down complex topics so clearly and factually is amazing Your content is so informative and thoughtprovoking and its clear you put in so much effort to make sure we stay informed Keep up the great work youre truly making a difference,"[2, 2, 2, 2, 2, 2, 2, 2, 2, 2, 2, 2, 2, 2, 2, 2, 2, 2, 2, 2, 2, 2, 2, 2, 2, 2, 2, 2, 2, 2, 2, 2, 2, 2, 2, 2, 2, 2, 2, 2, 2, 2, 2, 2, 2, 2]"
Very informative video as always Dhruv Sir,"[2, 2, 2, 2, 2, 2, 2]"
And one more thing to remember: if a beggar takes you somewhere saying that his family stays there dont go Avoid it as it could be a trap for the peoples So be careful And thank you dhruv sir for giving us importance us Jai hind Jai bharat,"[2, 2, 2, 2, 2, 2, 2, 2, 2, 2, 2, 2, 2, 2, 2, 2, 2, 2, 2, 2, 2, 2, 2, 2, 2, 2, 2, 2, 2, 2, 2, 2, 2, 2, 2, 2, 2, 2, 2, 2, 2, 2, 2, 2, 1, 1, 1, 1]"
I once saw two little girls outside a vegetable marketone just a year oldbeing slapped by a woman trying to snatch coins from them When I questioned her she rudely dismissed me possibly because of political backing It was heartbreaking Ive also seen in places like Shirdi that if you give money to one beggar many others crowd around you making it very uncomfortable Watching your video helped me understand these situations betterthank you so much for shedding light on this,"[2, 2, 2, 2, 2, 2, 2, 2, 2, 2, 2, 2, 2, 2, 2, 2, 2, 2, 2, 2, 2, 2, 2, 2, 2, 2, 2, 2, 2, 2, 2, 2, 2, 2, 2, 2, 2, 2, 2, 2, 2, 2, 2, 2, 2, 2, 1, 2, 2, 2, 2, 2, 2, 2, 2, 2, 2, 2, 2, 2, 2, 2, 2, 2, 2, 2, 2, 2, 2, 2, 2, 2, 2, 2, 2, 2, 2, 2, 2, 2, 2]"
its true just realized two beggars near my college have identical damages on their hands and face their fingers were broken Hats off,"[2, 2, 2, 2, 2, 2, 2, 2, 2, 2, 2, 2, 2, 2, 2, 2, 2, 2, 2, 2, 2, 2, 2]"
Concealing a problem never resolves it only confronting it does,"[2, 2, 2, 2, 2, 2, 2, 2, 2, 2]"
रुह कांप गयी इस video को Dekhane Ke Baad,"[0, 0, 0, 0, 2, 0, 1, 1, 1]"
Good job bro,"[2, 2, 2]"
ध्रुव राठी के इस जबरदस्त भयानक सनसनीखेज खुलासे के बाद तो मुझे अब हमारे देश पर राज कर रहे महामानव वीर बहादुर वैज्ञानिक तेजस्वी बुद्धिमान चंदाचोर फेकू मां गंगा के बेटे नॉन बायोलॉजिकल अवतार पुरुष महान व्यक्ति के बारे में सोच कर बड़ा ही दुख होता है और उस पर तरस आता है कि उस बेचारे रेलवे स्टेशन पर चाय बेची मां घरों में बर्तन मांजती थी बेचारे ने कैसे 35 साल तक भिक्षा मांग कर खाया और अपने दो गुजराती मालिकों का भी पेट भरा उस बेचारे गुजराती बालक के बारे में सोच कर मेरा हृदय चीत्कार उठा है,"[0, 0, 0, 0, 0, 0, 0, 0, 0, 0, 0, 0, 0, 0, 0, 0, 0, 0, 0, 0, 0, 0, 0, 0, 0, 0, 0, 0, 0, 0, 0, 0, 0, 0, 0, 0, 0, 0, 0, 0, 0, 0, 0, 0, 0, 0, 0, 0, 0, 0, 0, 0, 0, 0, 0, 0, 0, 0, 0, 0, 0, 0, 0, 0, 0, 0, 0, 0, 0, 0, 2, 0, 0, 0, 0, 0, 0, 0, 0, 0, 0, 0, 0, 0, 0, 0, 0, 0, 0, 0, 0, 0, 0, 0, 0, 0, 0, 0, 0, 0]"
Excellent work bro Watching from Fiji,"[2, 2, 2, 2, 2, 2]"
Best video for knowledge purpose,"[2, 2, 2, 2, 2]"
Great information,"[2, 2]"
I wish we had a YouTuber who talks about real social and political issues of Bangladesh Indians should be proud of this man,"[2, 2, 2, 2, 2, 2, 2, 2, 2, 2, 2, 2, 2, 2, 2, 2, 2, 2, 2, 2, 2, 2, 2]"
Ek time tha jab hum koi ek popular Tv serial ke liye ek haftah tak wait kortethe ab Dhruv rathee ke video ke liye waisa he halat ho geya hain Great work Dhruv,"[1, 2, 1, 1, 1, 1, 1, 2, 2, 2, 1, 1, 1, 1, 1, 2, 1, 1, 2, 2, 1, 2, 1, 1, 1, 1, 1, 1, 1, 1, 2, 2, 2]"
भैया बंगाल हिंसा पर भी वीडियो बना दीजिए। Eagerly waiting,"[0, 0, 0, 0, 0, 0, 0, 0, 2, 2]"
Dhruv Bhai Bahut achhi bat h ke ap in sab topics ho highlight kar rahe h mai as a viewer chahta hu ke ap khud kisi ek problem pe kam shuru kare or use pure india me resolve karna shuru kare or fir apni video ke madhyam se sabko update kare or problem aisi ho jo sabko roj dikhai deti ho or vo fir jad se khatam hoti hui sabko dikhai de,"[2, 1, 1, 1, 1, 1, 1, 1, 1, 1, 2, 1, 2, 1, 1, 1, 1, 2, 2, 2, 1, 1, 1, 1, 1, 1, 1, 2, 1, 1, 1, 1, 1, 1, 1, 2, 1, 2, 1, 1, 1, 1, 1, 1, 2, 1, 1, 1, 1, 2, 1, 1, 2, 1, 1, 1, 1, 1, 1, 1, 1, 1, 1, 1, 1, 1, 1, 1, 1, 1, 1, 1]"
Very informative Thank you so much lots of support from London,"[2, 2, 2, 2, 2, 2, 2, 2, 2, 2, 2]"
The best YouTube I always watched your video And i am also waiting for your videos,"[2, 2, 2, 2, 2, 2, 2, 2, 2, 2, 2, 2, 2, 2, 2, 2]"
Dhruv I genuinely admire how you simplify complex issues into easily digestible content Your channels focus on learning awareness and education is not only commendable but also highly impactful As a viewer from Pakistan I truly appreciate how you break down important topics with such clarity and objectivity You dont just educate you empower people to think critically and make informed decisions Your work is undoubtedly making the world a better place Keep inspiring and transforming minds,"[2, 2, 2, 2, 2, 2, 2, 2, 2, 2, 2, 2, 2, 2, 2, 2, 2, 2, 2, 2, 2, 2, 2, 2, 2, 2, 2, 2, 2, 2, 2, 2, 2, 2, 2, 2, 2, 2, 2, 2, 2, 2, 2, 2, 2, 2, 2, 2, 2, 2, 2, 2, 2, 2, 2, 2, 2, 2, 2, 2, 2, 2, 2, 2, 2, 2, 2, 2, 2, 2, 2, 2, 2, 2, 2, 2, 2]"
Hearttouching,[2]
Major issue in Indian society THX DHRUV BHAI For this topic,"[2, 2, 2, 2, 2, 2, 2, 1, 2, 2, 2]"
सुपर वीडियो होती है अप्पकी ध्रुब जी बहुत सारी जानकारी होती h,"[0, 0, 0, 0, 0, 0, 0, 0, 0, 0, 0, 2]"
Suresh story is so heartbreaking How can a human do that to other human beings Mankind is so cruel,"[2, 2, 2, 2, 2, 2, 2, 2, 2, 2, 2, 2, 2, 2, 2, 2, 2, 2, 2]"
Educational video,"[2, 2]"
Duniya main kya kya chal raha hai Kaye bar dekh k dill dehal jata hai,"[1, 1, 1, 1, 1, 1, 1, 1, 1, 1, 1, 1, 1, 1, 1]"
India needs this type of content,"[2, 2, 2, 2, 2, 2]"
Main 12th science pcmb student hu mai kitni bhi busy rahu par aapki video dekh kar mai click Kar hi deti hu You are great,"[1, 2, 2, 2, 2, 1, 1, 1, 1, 2, 1, 1, 1, 2, 1, 1, 1, 2, 1, 1, 1, 1, 2, 2, 2]"
Thank you Dhruv God bless you,"[2, 2, 2, 2, 2, 2]"
Next topic ; Indian private school mafia Apse niwedn hai isle jaroor ek video bnaye,"[2, 2, 3, 2, 2, 2, 2, 1, 1, 1, 1, 1, 1, 2, 1]"
Love from Rajasthan Brother,"[2, 2, 1, 2]"
I dont know about other states but this is very common in Nagaland,"[2, 2, 2, 2, 2, 2, 2, 2, 2, 2, 2, 2, 1]"
One real incident that happens to my relative wife they kept her in a basement which is near Sms hospital in jaipur where lots of kids old aunties they kept,"[2, 2, 2, 2, 2, 2, 2, 2, 2, 2, 2, 2, 2, 2, 2, 2, 2, 2, 2, 2, 2, 1, 2, 2, 2, 2, 2, 2, 2, 2]"
Bro the Government doesnt want to do rehabilitation they only want to polarise the population by building or demolishing/digging religious places,"[2, 2, 2, 2, 2, 2, 2, 2, 2, 2, 2, 2, 2, 2, 2, 2, 2, 2, 2, 2, 2]"
Now someone taking about the dark reality of the country,"[2, 2, 2, 2, 2, 2, 2, 2, 2, 2]"
Real Man Dhruv,"[2, 2, 2]"
Thanks,[2]
Ye crime ko expose karna bahut zaroori hai much needed video,"[1, 2, 1, 2, 1, 1, 1, 1, 2, 2, 2]"
A true patriot is one who does not merely clap but takes steps to rectify the wrongs in the country,"[2, 2, 2, 2, 2, 2, 2, 2, 2, 2, 2, 2, 2, 2, 2, 2, 2, 2, 2, 2]"
Please make a video on Journalist mafia how bigger powers of government affect journalism and media,"[2, 2, 2, 2, 2, 2, 2, 2, 2, 2, 2, 2, 2, 2, 2, 2]"
Right sir,"[2, 2]"
Theyre motivated by the line: Jhola utha ke chal pdenge,"[2, 2, 2, 2, 2, 1, 1, 1, 1, 1]"
Finally someone talked about this topic in such detail,"[2, 2, 2, 2, 2, 2, 2, 2, 2]"
Watching the video makes me very sad for those poor people Another sad thing is that people like Dhruv Bhai do not hold ministerial positions Love From Bangladesh,"[2, 2, 2, 2, 2, 2, 2, 2, 2, 2, 2, 2, 2, 2, 2, 2, 2, 2, 2, 1, 2, 2, 2, 2, 2, 2, 2, 2]"
Thanks for raising this issue,"[2, 2, 2, 2, 2]"
exactly my point This is the only way I thought would be probable to stop it to some extend,"[2, 2, 2, 2, 2, 2, 2, 2, 2, 2, 2, 2, 2, 2, 2, 2, 2, 2, 2]"
Love from Jaipur Rajasthan,"[2, 2, 1, 1]"
You are the real gem of our country aapse milne ka sapna h mera,"[2, 2, 2, 2, 2, 2, 2, 2, 1, 1, 1, 1, 1, 1]"
Thanks,[2]
Great Explained Sir,"[2, 2, 2]"
Always unique and informative video You are my authentic source of learning Keep going,"[2, 2, 2, 2, 2, 2, 2, 2, 2, 2, 2, 2, 2, 2]"
Dhruv bhai really needs that Jaadu ka Jhappi from Munna Bhai MBBS,"[2, 1, 2, 2, 2, 1, 1, 1, 2, 1, 1, 2]"
Kerala has a good record of eradicating beggary You hardly find Malayali beggars in Kerala,"[1, 2, 2, 2, 2, 2, 2, 2, 2, 2, 2, 2, 2, 2, 2]"
I am feeling really sad for the people who went through this,"[2, 2, 2, 2, 2, 2, 2, 2, 2, 2, 2, 2]"
WATCH THIS This is exactly what we should do,"[2, 2, 2, 2, 2, 2, 2, 2, 2]"
Big fan for you thanks jo apne Hyderabad mai deforestation ke upar hawai,"[2, 2, 2, 2, 2, 1, 1, 1, 1, 2, 1, 1, 1]"
This information actually helped me a lot i wrote this as a passage topic in my exam previously too and i got the best marks,"[2, 2, 2, 2, 2, 2, 2, 2, 2, 2, 2, 2, 2, 2, 2, 2, 2, 2, 2, 2, 2, 2, 2, 2, 2]"
बहुत ही अच्छी जानकारी है औऱ सरकार को कड़े कदम उठना चाहिए,"[0, 0, 0, 0, 0, 0, 0, 0, 0, 0, 0, 0]"
True definition of Secularism criticism of both government,"[2, 2, 2, 2, 2, 2, 2, 2]"
Thank you for making videos on these topics,"[2, 2, 2, 2, 2, 2, 2, 2]"
Good one brother,"[2, 2, 2]"
Thank You For Information Dhruv Sir,"[2, 2, 2, 2, 2, 2]"
Great The worst social issue lets take the action to contour the mafia,"[2, 2, 2, 2, 2, 2, 2, 2, 2, 2, 2, 2, 2]"
I lives in kanpur and here are so many little children and women who used to beg,"[2, 2, 2, 1, 2, 2, 2, 2, 2, 2, 2, 2, 2, 2, 2, 2, 2]"
appreciate this video good job Mr rathee,"[2, 2, 2, 2, 2, 2, 2]"
Dhruv sir you are the real inspiration of our young generation huge respect from arunachal pradesh India,"[2, 2, 2, 2, 2, 2, 2, 2, 2, 2, 2, 2, 2, 2, 1, 1, 2]"
By not giving any money to beggars no matter how needy they look youre actually doing them a favor If you really want to do something for these beggars give them something to eat instead of money,"[2, 2, 2, 2, 2, 2, 2, 2, 2, 2, 2, 2, 2, 2, 2, 2, 2, 2, 2, 2, 2, 2, 2, 2, 2, 2, 2, 2, 2, 2, 2, 2, 2, 2, 2, 2, 2]"
simple step is give them food instead of money From today i will try to give them food item available there,"[2, 2, 2, 2, 2, 2, 2, 2, 2, 2, 2, 2, 2, 2, 2, 2, 2, 2, 2, 2, 2]"
Very beautiful topic Dhruv Rathee sir,"[2, 2, 2, 2, 2, 2]"
bhai kya hi AI video banaya hai like real,"[1, 1, 1, 2, 2, 1, 1, 2, 2]"
Dhruv Bhai Aapke jaise brilliant logo ki bhut jarurat hai Indian politics me tabhi Hamare Desh ka Kuch bhala ho skta hai wrna aaye din bd se aur bttar hota hi ja rh h,"[2, 1, 1, 1, 2, 1, 1, 1, 1, 1, 2, 2, 1, 1, 1, 1, 1, 1, 1, 1, 1, 1, 1, 1, 1, 1, 1, 1, 1, 1, 1, 1, 1, 1]"
We have seen this before in slumdog millioner but no one raised this issue after that movie,"[2, 2, 2, 2, 2, 2, 2, 2, 2, 2, 2, 2, 2, 2, 2, 2, 2]"
BAHUT BAHUT KHOOB YAAR VERY NICE VERY GOOD,"[1, 1, 1, 1, 2, 2, 2, 2]"
Youth needs to be aware of JEE COACHING MAFIA And you are the right person and bold enough to do that,"[2, 2, 2, 2, 2, 2, 2, 2, 2, 2, 2, 2, 2, 2, 2, 2, 2, 2, 2, 2, 2]"
He is the person who is raising the real issues of India and world Hats off you young man,"[2, 2, 2, 2, 2, 2, 2, 2, 2, 2, 2, 2, 2, 2, 2, 2, 2, 2, 2]"
Apki video kafi new information deti hai bhaiya crazy youtube per aise bhi youtuber hai,"[1, 2, 1, 2, 2, 1, 1, 1, 2, 2, 1, 1, 1, 2, 1]"
Wow nice video may this video help many people to understand,"[2, 2, 2, 2, 2, 2, 2, 2, 2, 2, 2]"
Thankyou Dhruv Rathee for highlighting major problems and issues for India which Government doesnt care of,"[2, 2, 2, 2, 2, 2, 2, 2, 2, 2, 2, 2, 2, 2, 2, 2]"
A huge fan of you and your videos just a small request to make a video on the reality of overly priced school fees charged by private schools,"[2, 2, 2, 2, 2, 2, 2, 2, 2, 2, 2, 2, 2, 2, 2, 2, 2, 2, 2, 2, 2, 2, 2, 2, 2, 2, 2, 2]"
Nice bro very helpful information,"[2, 2, 2, 2, 2]"
Thank you Dhruv its one of outstanding and informative video on Beggar Mafia I really appreciate your efforts for addressing such an highly sensitive issues,"[2, 2, 2, 2, 2, 2, 2, 2, 2, 2, 2, 2, 2, 2, 2, 2, 2, 2, 2, 2, 2, 2, 2, 2, 2]"
Love from Jharkhand,"[2, 2, 1]"
Excellent journalism i have seen this beggar mafia business in Hyderabad Big issue needs to be addressed by Govt /NGOs,"[2, 2, 2, 2, 2, 2, 2, 2, 2, 2, 1, 2, 2, 2, 2, 2, 2, 2, 2, 2]"
Very Appreciating Same Mafia Model works in pak as well,"[2, 2, 2, 2, 2, 2, 2, 2, 2, 2]"
Good information,"[2, 2]"
प्रयागराज में भी ऐसा हो रहा है प्लीज अपनी टीम भेजिये भाई मैंने अपनी आँखों से देखा है एक कार आती है बच्चे कार से उतारे जाते हैं दिन भर भीख माँगते हैं फिर शाम में कार आती है बच्चों को ले जाती है।,"[0, 0, 0, 0, 0, 0, 0, 0, 0, 0, 0, 0, 0, 0, 0, 0, 0, 0, 0, 0, 0, 0, 0, 0, 0, 0, 0, 0, 0, 0, 0, 0, 0, 0, 0, 0, 0, 0, 0, 0, 0, 0, 0, 0]"
Hello sir lots of love from Arunachal Pradesh,"[2, 2, 2, 2, 2, 2, 1, 1]"
Aysa karna bahut bura hai aysa kise ke shath na ho,"[1, 1, 1, 1, 1, 1, 1, 1, 1, 1, 1]"
Private schools and hospitals ka bhi video bnao sir ji,"[2, 2, 2, 2, 1, 1, 2, 1, 2, 1]"
Jai guru great master antarik pranam all your efforts are really worth it happy new year boss love from Assam,"[1, 1, 2, 2, 1, 1, 2, 2, 2, 2, 2, 2, 2, 2, 2, 2, 2, 2, 2, 1]"
sorry like really sorry,"[2, 2, 2, 2]"
no problem,"[2, 2]"
its ok,"[2, 2]"
it just glitched,"[2, 2, 2]"
its ok,"[2, 2]"
if you dont mind and are free then can you pls tell the answers of the assertion and reasoning,"[2, 2, 2, 2, 2, 2, 2, 2, 2, 2, 2, 2, 2, 2, 2, 2, 2, 2, 2]"
yeah i know im also doubtful abt 2,"[2, 2, 2, 2, 2, 2, 2, 2]"
and what about others,"[2, 2, 2, 2]"
q 25 and 35,"[2, 2, 2, 2]"
ill have to see the question paper,"[2, 2, 2, 2, 2, 2, 2]"
can i tell you by tonight,"[2, 2, 2, 2, 2, 2]"
i was actually doing chem,"[2, 2, 2, 2, 2]"
ya sure but pls before 9,"[2, 2, 2, 2, 2, 2]"
k ill try,"[2, 2, 2]"
sorry i fell asleep just remembered,"[2, 2, 2, 2, 2, 2]"
im doubtful about q25 i had marked b,"[2, 2, 2, 2, 2, 2, 2, 2]"
hope its fine,"[2, 2, 2]"
can you pls tell if the doubt class has started,"[2, 2, 2, 2, 2, 2, 2, 2, 2, 2]"
i havent joined yet,"[2, 2, 2, 2]"
let me join then i will tell,"[2, 2, 2, 2, 2, 2, 2]"
it hasnt started,"[2, 2, 2]"
oh kumud maams class,"[2, 2, 2, 2]"
shashi maams link is there,"[2, 2, 2, 2, 2]"
not kumud maams,"[2, 2, 2]"
kumud maam had posted the msg so i was confused,"[2, 2, 2, 2, 2, 2, 2, 2, 2, 2]"
nvm thanks,"[2, 2]"
welcome,[2]
hey can you please tell if we did anything interesting today at school,"[2, 2, 2, 2, 2, 2, 2, 2, 2, 2, 2, 2, 2]"
oh yeah it is,"[2, 2, 2, 2]"
thankss,[2]
this much only,"[2, 2, 2]"
thanks a lot,"[2, 2, 2]"
welcome,[2]
hello,[2]
hey,[2]
how was your result,"[2, 2, 2, 2]"
result agaya,"[2, 1]"
yeah,[2]
acha tha,"[1, 1]"
bad,[2]
how much,"[2, 2]"
96 5,"[2, 2]"
what about you,"[2, 2, 2]"
90,[2]
you told of 6 sub or 5,"[2, 2, 2, 2, 2, 2, 2]"
5,[2]
96 5 for 5,"[2, 2, 2, 2]"
and of 6,"[2, 2, 2]"
oh,[2]
thats good too,"[2, 2, 2]"
np,[2]
congrats,[2]
thanks same,"[2, 2]"
thanks,[2]
hey,[2]
what are you going for in 11th,"[2, 2, 2, 2, 2, 2, 2]"
hey,[2]
commerce,[2]
but what happened,"[2, 2, 2]"
nice,[2]
oh no just aise hi,"[2, 2, 2, 1, 1]"
aap to non medical loge na,"[1, 1, 2, 2, 1, 1]"
han,[2]
pcm with cs,"[2, 2, 2]"
after 12th,"[2, 2]"
oh,[2]
like if you have any plans right now about it,"[2, 2, 2, 2, 2, 2, 2, 2, 2, 2]"
not decided yet,"[2, 2, 2]"
but thinking of just trying ca,"[2, 2, 2, 2, 2, 2]"
you will leave school right,"[2, 2, 2, 2, 2]"
oh thats really good,"[2, 2, 2, 2]"
yes,[2]
dummy school,"[2, 2]"
han,[1]
to apne koi institute ya tuition leni hogi,"[1, 1, 1, 2, 1, 2, 1, 1]"
yes through vmc,"[2, 2, 2]"
vmc,[2]
yep,[2]
like vidyamandir classes,"[2, 2, 2]"
no no what it is,"[2, 2, 2, 2, 2]"
for non mwd and med,"[2, 2, 2, 2, 2]"
*med,[2]
oh,[2]
fiitjee type,"[2, 2]"
so all the subjects would be covered,"[2, 2, 2, 2, 2, 2, 2]"
pcm would be covered,"[2, 2, 2, 2]"
eng and computer science ke liye self study,"[2, 2, 2, 2, 1, 1, 2, 2]"
hmm,[2]
um ok then,"[2, 2, 2]"
bye,[2]
bye,[2]
lol true,"[2, 2]"
ya,[2]
whens school starting,"[2, 2, 2]"
last week of june i think,"[2, 2, 2, 2, 2, 2]"
oh nice,"[2, 2]"
how was the farewell,"[2, 2, 2, 2]"
great,[2]
realllyyyy sorrryyy,"[2, 2]"
lol koi nhi,"[2, 1, 1]"
i was awake anyway,"[2, 2, 2, 2]"
glitch,[2]
nice,[2]
but was kinda missing the previous students,"[2, 2, 2, 2, 2, 2, 2]"
lol yeah me too,"[2, 2, 2, 2]"
hows your life going on,"[2, 2, 2, 2, 2]"
in contact with anyone,"[2, 2, 2, 2]"
hows your life going on,"[2, 2, 2, 2, 2]"
in contact with anyone,"[2, 2, 2, 2]"
bas badhiya hi jee in 3 weeks so studying,"[1, 1, 1, 2, 2, 2, 2, 2, 2]"
what about u,"[2, 2, 2]"
not really just krishna dhruv adweta,"[2, 2, 2, 2, 2, 2]"
students in my coaching are very nice tho,"[2, 2, 2, 2, 2, 2, 2, 2]"
yaaa,[2]
ohhh,[2]
ah mere bhi practicals ki practice from 4th,"[2, 1, 1, 2, 1, 2, 2, 2]"
thats great,"[2, 2]"
oh nice,"[2, 2]"
humare shayad pre board ke beech mein honge practicals,"[1, 1, 2, 2, 1, 1, 1, 1, 2]"
yeah wo to hai,"[2, 1, 1, 1]"
sad,[2]
aapke kuch farewell jaise kuch hoga,"[1, 1, 2, 1, 1, 1]"
yeah hoga to but after advanced ka result ig 15 june or something,"[2, 1, 1, 2, 2, 2, 1, 2, 2, 2, 2, 2, 2]"
aap,[1]
waaaahhh,[1]
iske hone matlab bhi kya hi hai,"[1, 1, 1, 1, 1, 1, 1]"
ho to gya,"[1, 1, 1]"
school wale itna kharcha nahi karte baar baar,"[2, 1, 1, 1, 1, 1, 1, 1]"
ache se result celebrate karenge na,"[1, 1, 2, 2, 1, 1]"
i meant aap krke kyu bol rhe ho,"[2, 2, 1, 1, 1, 1, 1, 1]"
han true,"[1, 2]"
are meri aadat hai,"[1, 1, 1, 1]"
main abhi bhi muskan rashika ke saath kabhi kabhi aap bolti hoon,"[1, 1, 1, 2, 2, 1, 1, 1, 1, 1, 1, 1]"
lol why so formal,"[2, 2, 2, 2]"
bas aadat hai,"[1, 1, 1]"
ya ya,"[1, 1]"
i remember this,"[2, 2, 2]"
i thought you will first write this and something else,"[2, 2, 2, 2, 2, 2, 2, 2, 2, 2]"
nuh uh mujhe just sone se pehle realise hua,"[2, 2, 1, 2, 1, 1, 1, 2, 1]"
i,[2]
sorry,[2]
how do i keep doing this,"[2, 2, 2, 2, 2, 2]"
how do i keep doing this,"[2, 2, 2, 2, 2, 2]"
Dil ibadat,"[1, 1]"
Haan tu hain,"[1, 1, 1]"
labon ko,"[1, 1]"
beete lamhein,"[1, 1]"
pyaar ke pal,"[1, 1, 1]"
Zara sa,"[1, 1]"
kya mujhe pyaar hai,"[1, 1, 1, 1]"
saanso ko,"[1, 1]"
Woooooooooooowwwwww What A Lovely Songs Thank You So Much,"[2, 2, 2, 2, 2, 2, 2, 2, 2]"
I love you K K Sar OutStanding Singing + Music +Lovely TQ Show Much,"[2, 2, 2, 2, 2, 2, 2, 2, 3, 2, 2, 2, 2, 2]"
My favorite songs,"[2, 2, 2]"
Kitna miss karte log jab ek dsre se juda hote h khass kar jab singer kk sir ki baat hoti h mera to daily riyaas kk sir ko Sunkar chalta tha ab bhi jab yaad aata h ki kk sir is Dunia me nhi h to meri ankhon me anshu ke siva kuch nhi hota h,"[1, 2, 1, 1, 1, 1, 1, 1, 1, 1, 1, 1, 1, 1, 2, 2, 2, 1, 1, 1, 1, 1, 1, 2, 1, 2, 2, 1, 1, 1, 1, 1, 1, 1, 1, 1, 1, 1, 2, 2, 1, 1, 1, 1, 1, 1, 1, 1, 1, 1, 1, 1, 1, 1, 1, 1]"
One of the most wonderful sweetest and melodious voice which unfortunately today has gone to sleep for ever,"[2, 2, 2, 2, 2, 2, 2, 2, 2, 2, 2, 2, 2, 2, 2, 2, 2, 2]"
Relaxing,[2]
WONDERFUL COLLECTIONS BY KK SIR,"[2, 2, 2, 2, 2]"
bestforever love moooore,"[2, 2, 2]"
Love you KK u were and still are the greatest singer Ur humility and simplicity are truly unique,"[2, 2, 2, 2, 2, 2, 2, 2, 2, 2, 2, 2, 2, 2, 2, 2, 2, 2]"
Love you kk sir miss you so much,"[2, 2, 2, 2, 2, 2, 2, 2]"
Miss u a lot KK Sir Aapki voice me ek energy hoti hai,"[2, 2, 2, 2, 2, 2, 1, 2, 1, 1, 2, 1, 1]"
My favourite singer we miss you sir,"[2, 2, 2, 2, 2, 2, 2]"
Beautiful collection of a great singer thanks,"[2, 2, 2, 2, 2, 2, 2]"
Superb singers is kk miss u,"[2, 2, 2, 2, 2, 2]"
Kk will never die,"[2, 2, 2, 2]"
Best song in my life,"[2, 2, 2, 2, 2]"
Kk n emran chartbuster duo of the bollywood,"[2, 2, 2, 2, 2, 2, 2, 2]"
Sach me sir have brilliant mind and gorgeous voice miss you sir,"[1, 1, 2, 2, 2, 2, 2, 2, 2, 2, 2, 2]"
He is most underrated singer I love his voice,"[2, 2, 2, 2, 2, 2, 2, 2, 2]"
Miss you The Legend KK forever,"[2, 2, 2, 2, 2, 2]"
Who says K K is no more He is forever live in Everyones Hearts,"[2, 2, 3, 3, 2, 2, 2, 2, 2, 2, 2, 2, 2, 2]"
I love this song,"[2, 2, 2, 2]"
Just awesome,"[2, 2]"
Beautiful great super songs IMy favorite best of singer and this songs,"[2, 2, 2, 2, 2, 2, 2, 2, 2, 2, 2, 2]"
Miss u a lot in every song u sangwaiting again for your new awataar Kkk,"[2, 2, 2, 2, 2, 2, 2, 2, 2, 2, 2, 2, 2, 1, 3]"
Tum ho Mera pyaar my favourite song,"[1, 1, 1, 1, 2, 2, 2]"
Every weekend I came here,"[2, 2, 2, 2, 2]"
My new songs born of soul and fire,"[2, 2, 2, 2, 2, 2, 2, 2]"
Longing to reach your hearts desire,"[2, 2, 2, 2, 2, 2]"
In harmony I pour my emotions deep,"[2, 2, 2, 2, 2, 2, 2]"
A symphony my spirits secrets keep,"[2, 2, 2, 2, 2, 2]"
So lend your ear and let the music play,"[2, 2, 2, 2, 2, 2, 2, 2, 2]"
And let my songs your heart sway,"[2, 2, 2, 2, 2, 2, 2]"
Dil ibaddat uff kk you are rocking,"[1, 1, 1, 2, 2, 2, 2]"
I love this song,"[2, 2, 2, 2]"
What a song wonderful,"[2, 2, 2, 2]"
Outstanding kk sir,"[2, 2, 2]"
KK forever,"[2, 2]"
एक ऐसा एहसास जो कभी पूरा नहीं हो सकता वो है KK Sir नमन,"[0, 0, 0, 0, 0, 0, 0, 0, 0, 0, 0, 2, 2, 0]"
Love you kk are,"[2, 2, 2, 2]"
प्यार कभी मांगने से नहीं मिलता ये तो वो खुशबू है जो खुदबखुद दिल में बस जाती है।,"[0, 0, 0, 0, 0, 0, 0, 0, 0, 0, 0, 0, 0, 0, 0, 0, 0, 0]"
18th September 2024 1 35 am My eyes are closed headsets are on Its raining outside ohhhhh,"[2, 2, 2, 2, 2, 2, 2, 2, 2, 2, 2, 2, 2, 2, 2, 2, 2]"
KK the soul voice + Imran Hashim gem,"[2, 2, 2, 2, 3, 2, 2, 2]"
Nice song more options of song like this,"[2, 2, 2, 2, 2, 2, 2, 2]"
Im hooked by this enchanting and irresistible melody,"[2, 2, 2, 2, 2, 2, 2, 2]"
Very nice song,"[2, 2, 2]"
All is well with awesome,"[2, 2, 2, 2, 2]"
Evergreen hit,"[2, 2]"
i really thankful to this channel without adds i listened all songs of kk sir,"[2, 2, 2, 2, 2, 2, 2, 2, 2, 2, 2, 2, 2, 2, 2]"
listening in 2024 october 1/2 regularly,"[2, 2, 2, 2, 3, 2]"
My favourite singer I miss you,"[2, 2, 2, 2, 2, 2]"
Sunday 4 may,"[2, 2, 2]"
Wow super nice take care wow happy nice,"[2, 2, 2, 2, 2, 2, 2, 2]"
So touched your voice sir,"[2, 2, 2, 2, 2]"
2 October from midnapore,"[2, 2, 2, 3]"
I laket song,"[2, 3, 2]"
Thank you admin,"[2, 2, 2]"
So Nice,"[2, 2]"
I miss you KK,"[2, 2, 2, 2]"
My dear kk sir you are awesome,"[2, 2, 2, 2, 2, 2, 2]"
I Love kk mashup song,"[2, 2, 2, 2, 2]"
I am listening this song from childhood,"[2, 2, 2, 2, 2, 2, 2]"
beautiful song,"[2, 2]"
everynite at 11 to 11 20pm absolute soul soothing,"[3, 2, 2, 2, 2, 2, 2, 2, 2]"
Kk is all time favourite,"[2, 2, 2, 2, 2]"
@heylyrics,[2]
who is listening in October 2024,"[2, 2, 2, 2, 2, 2]"
Nice,[2]
Nyc,[2]
Nice song,"[2, 2]"
Nice,[2]
Kk always best,"[2, 2, 2]"
Kk is in our heart always,"[2, 2, 2, 2, 2, 2]"
This is the best songs from kk sir,"[2, 2, 2, 2, 2, 2, 2, 2]"
Song Sukoon,"[2, 1]"
Fantastic,[2]
Wow,[2]
Super,[2]
All singer one side KK one side For me,"[2, 2, 2, 2, 2, 2, 2, 2, 2]"
Outstanding superb,"[2, 2]"
jo brother sister K K ka voice pasand karte hai o like kare all songs is best,"[1, 2, 2, 3, 3, 1, 2, 1, 1, 1, 1, 2, 1, 2, 2, 2, 2]"
Mood ka 12 baja dia KKs voice hurts,"[2, 1, 2, 1, 1, 2, 2, 2]"
Kk dada Tumi jakynatyko valo tylkooisor ho mera,"[2, 1, 3, 3, 3, 3, 1, 1]"
I like it,"[2, 2, 2]"
Very nice,"[2, 2]"
Listening in April 2025,"[2, 2, 2, 2]"
hamara piara syr ki la gybab a shb song,"[1, 1, 2, 1, 3, 3, 3, 3, 2]"
I am listening 12th October 2024 from West Bengal Nadia,"[2, 2, 2, 2, 2, 2, 2, 1, 1, 1]"
Literally listening at 3 am luvv ittt,"[2, 2, 2, 2, 2, 2, 2]"
Superb,[2]
I love kk songs 2024 11 20,"[2, 2, 2, 2, 2, 2, 2]"
I love sad songs,"[2, 2, 2, 2]"
kk is pride of kolkatta a legendary singer,"[2, 2, 2, 2, 2, 2, 2, 2]"
Bahut Miss kar ta hai sir apko,"[1, 2, 1, 1, 1, 2, 1]"
Woah perfect outstanding performance,"[2, 2, 2, 2]"
K K voice choice young people K K Miss u,"[3, 3, 2, 2, 2, 2, 3, 3, 2, 2]"
Heart stop working when listening,"[2, 2, 2, 2, 2]"
I Love the best songs All time kk sir i miss you,"[2, 2, 2, 2, 2, 2, 2, 2, 2, 2, 2, 2]"
I love you my love,"[2, 2, 2, 2, 2]"
Nice song,"[2, 2]"
Who listening today this song 23September 2024,"[2, 2, 2, 2, 2, 2, 2]"
Bollywood best singer kk couse kk song It is all about love and it is meaningful uff Its touches the heart,"[2, 2, 2, 2, 3, 2, 2, 2, 2, 2, 2, 2, 2, 2, 2, 2, 1, 2, 2, 2, 2]"
3 October at 1 30AM from Dhaka Bangladesh,"[2, 2, 2, 2, 2, 2, 2, 2]"
So nice song,"[2, 2, 2]"
I love you kk sir,"[2, 2, 2, 2, 2]"
4 September,"[2, 2]"
Loves the songs of kk,"[2, 2, 2, 2, 2]"
2025 is best year for everyone,"[2, 2, 2, 2, 2, 2]"
i love this song and love you sir,"[2, 2, 2, 2, 2, 2, 2, 2]"
O time he best tha jisme k k aur imraan Hashmi ji ne apni alag pehchaan bnayi aaj bhi inse badhkar koi nhi,"[3, 2, 1, 2, 1, 1, 3, 3, 1, 2, 2, 1, 1, 1, 1, 1, 1, 1, 1, 1, 1, 1, 1]"
Dear my love I miss you and love you mery jan I miss you a lot by any time any whear,"[2, 2, 2, 2, 2, 2, 2, 2, 2, 2, 2, 2, 2, 2, 2, 2, 2, 2, 2, 2, 2]"
Miss you KK sir,"[2, 2, 2, 2]"
3rd September 2024,"[2, 2, 2]"
Nice playlist,"[2, 2]"
Mera dear kk sir,"[1, 2, 2, 2]"
62k views 2 day not bad,"[3, 2, 2, 2, 2, 2]"
NO WIRDS TO EXPRESS SIR KK WHAT A WONDERFUL PRESENTATION 85DA SO WHERE IS MY BOUDI,"[2, 2, 2, 2, 2, 2, 2, 2, 2, 2, 3, 2, 2, 2, 2, 3]"
Anyone in September,"[2, 2, 2]"
Out of control sir kk,"[2, 2, 2, 2, 2]"
Missing Tu Jo Mila,"[2, 1, 1, 1]"
Who is listening today 20 sep 2024,"[2, 2, 2, 2, 2, 2, 2]"
I love all songs of KK,"[2, 2, 2, 2, 2, 2]"
is best in morning,"[2, 2, 2, 2]"
I love songs,"[2, 2, 2]"
All time my favourite song jaan,"[2, 2, 2, 2, 2, 1]"
Wow,[2]
I your voice,"[2, 2, 2]"
I love u k k sir I never forgot ur beautiful voice whenever I listen ur song I feel y u r not btwn us,"[2, 2, 2, 3, 3, 2, 2, 2, 2, 2, 2, 2, 2, 2, 2, 2, 2, 2, 2, 2, 2, 2, 2, 2, 2]"
i am just crying to listening your magical voice,"[2, 2, 2, 2, 2, 2, 2, 2, 2]"
My favourite song tujhe sochta hoon me Sam sovab,"[2, 2, 2, 1, 1, 1, 1, 3, 3]"
Miss you kk,"[2, 2, 2]"
Kk forever,"[2, 2]"
March 2025,"[2, 2]"
Mind Blowing Songs,"[2, 2, 2]"
best singer in the world,"[2, 2, 2, 2, 2]"
Kk sir songs always hit miss u sir,"[2, 2, 2, 2, 2, 2, 2, 2]"
I love this song,"[2, 2, 2, 2]"
14 September 2024,"[2, 2, 2]"
Just beautiful RIP KK Sir,"[2, 2, 2, 2, 2]"
Masterpiece March 28 2025,"[2, 2, 2, 2]"
One of favourite singer,"[2, 2, 2, 2]"
Of whome we relate this songs may be not with us but this songs reminds us what type of soul once we were,"[2, 2, 2, 2, 2, 2, 2, 2, 2, 2, 2, 2, 2, 2, 2, 2, 2, 2, 2, 2, 2, 2, 2]"
Shal ate jate rahege par kuch songs ayse hote hai jo apke golden era apke purane yaadon ko jinda rakhta hai or usme k k ki song ho to kya baat,"[3, 1, 1, 1, 1, 1, 2, 1, 1, 1, 1, 1, 2, 2, 1, 1, 1, 1, 1, 1, 1, 1, 1, 3, 3, 1, 2, 1, 1, 1, 1]"
Who is listening January 2025,"[2, 2, 2, 2, 2]"
you are my favourite singer,"[2, 2, 2, 2, 2]"
Listening on new year night,"[2, 2, 2, 2, 2]"
I love it KK all songs and miss u KK,"[2, 2, 2, 2, 2, 2, 2, 2, 2, 2]"
Still memories wo din bhi kya din the KK is incomparable 22 9 24,"[2, 2, 1, 1, 1, 1, 1, 1, 2, 2, 2, 2, 2, 2]"
We miss kk,"[2, 2, 2]"
Javed Ali voice song music feel tu Humsafar tu hum kadar tu humnava Mera KK voice song music feel Dil ibadat kar Raha hai dhadkane meri Sun Zara si Dil mein de jagah Dil mile ya Na mile tu aaja mere Mahi Aashiqui 2 all song music hard touching but KK voice song music feel very hard touching Piya aaye Na Ho Har khatah ki hoti hai koi Na koi vajah jo batati hai ki har female and male dono ko education with skills ke saath saath saving money paise manage karna jaruri hai to saving money paise kamane ke liye kaam work Bahut jaruri hai kyunki kabhi bhi jarurat pad sakti hai Ghar ke kharche Apne aur apni family ke liye because age chance time limited and ek baar koi Bharosa Tod deta Hai to fir dobara nahin hota KK all song music feel very hard touching because KK ne Bachpan se focus education with skills dono ko manage Kiya time Diya improve Kiya before time se pahle sikha competition participate lekar galtiyon ko sudhara sikha practice Kiya morning kyunki Agar ek mein carrier nahin Banega to kam se kam dusre mein carrier to rahega Ishq mein Safal nahin hue to dusre mein to rahenge because age chance time limited,"[2, 2, 2, 2, 2, 2, 1, 1, 1, 1, 1, 1, 1, 1, 2, 2, 2, 2, 2, 1, 1, 1, 1, 1, 1, 1, 1, 1, 1, 1, 1, 1, 1, 1, 1, 1, 1, 1, 1, 1, 1, 1, 1, 2, 2, 2, 2, 2, 2, 2, 2, 2, 2, 2, 2, 2, 2, 2, 1, 1, 1, 1, 1, 1, 1, 1, 1, 1, 1, 1, 1, 1, 1, 1, 1, 1, 2, 2, 2, 1, 1, 2, 2, 2, 1, 1, 1, 2, 2, 1, 2, 1, 1, 1, 1, 2, 2, 1, 1, 1, 1, 1, 2, 1, 1, 1, 1, 1, 1, 1, 1, 1, 1, 1, 1, 1, 1, 1, 1, 2, 1, 1, 2, 1, 2, 2, 2, 2, 1, 1, 1, 1, 1, 1, 1, 1, 1, 1, 1, 1, 2, 2, 2, 2, 2, 2, 2, 2, 2, 2, 1, 1, 1, 2, 2, 2, 2, 1, 1, 2, 1, 2, 1, 1, 1, 2, 2, 1, 1, 1, 2, 2, 1, 1, 1, 1, 1, 2, 1, 2, 1, 1, 1, 1, 1, 1, 1, 1, 1, 1, 1, 1, 1, 2, 1, 1, 1, 1, 1, 1, 1, 1, 1, 1, 1, 1, 2, 2, 2, 2, 2]"
Lsning in dec 2024 and still touches my heart it melts everything,"[2, 2, 2, 2, 2, 2, 2, 2, 2, 2, 2, 2]"
I miss you kk sir song kk,"[2, 2, 2, 2, 2, 2, 2]"
Kuch bhi ho jaye kk ki song hamesha dill me rahe gi,"[1, 1, 1, 1, 2, 1, 2, 1, 1, 1, 1, 1]"
Its me I really love the song of KK so beautiful,"[2, 2, 2, 2, 2, 2, 2, 2, 2, 2, 2]"
AAA class may Allah the most merciful bless ur soulld KK,"[3, 2, 2, 2, 2, 2, 2, 2, 2, 2, 2]"
labon ko its my favourite,"[1, 1, 2, 2, 2]"
Ekdom jabardast love you,"[1, 1, 2, 2]"
KK was the perfect singer There was no match of his voice,"[2, 2, 2, 2, 2, 2, 2, 2, 2, 2, 2, 2]"
We miss you kk,"[2, 2, 2, 2]"
KK forever,"[2, 2]"
Who is listening in November 2024,"[2, 2, 2, 2, 2, 2]"
Dil ibadat,"[1, 1]"
Haan tu hain,"[1, 1, 1]"
labon ko,"[1, 1]"
beete lamhein,"[1, 1]"
pyaar ke pal,"[1, 1, 1]"
Zara sa,"[1, 1]"
kya mujhe pyaar hai,"[1, 1, 1, 1]"
saanso ko,"[1, 1]"
Beautiful Song,"[2, 2]"
Miss u kk sir,"[2, 2, 2, 2]"
Nice song,"[2, 2]"
Kk sir hamesha yad rakegee duiyaa,"[2, 2, 1, 1, 1, 1]"
Who is listening in October 2024,"[2, 2, 2, 2, 2, 2]"
Love you kk song,"[2, 2, 2, 2]"
Miss you KK Sir your voice will always be in our hearts,"[2, 2, 2, 2, 2, 2, 2, 2, 2, 2, 2, 2]"
Kk miss U,"[2, 2, 2]"
Voice of KK is just,"[2, 2, 2, 2, 2]"
Fantastic singer ever,"[2, 2, 2]"
Who is listening in November 2024,"[2, 2, 2, 2, 2, 2]"
Who is listening in Nov 2024,"[2, 2, 2, 2, 2, 2]"
I miss you kk sir,"[2, 2, 2, 2, 2]"
My favourite kk singer,"[2, 2, 2, 2]"
My best and favorite singer,"[2, 2, 2, 2, 2]"
Me I love kk song very much,"[2, 2, 2, 2, 2, 2, 2]"
Beautiful song,"[2, 2]"
Who is listening in jan 2025,"[2, 2, 2, 2, 2, 2]"
Very nice song,"[2, 2, 2]"
Who is listening this song April 2025,"[2, 2, 2, 2, 2, 2, 2]"
Miss you kk,"[2, 2, 2]"
Miss you kk,"[2, 2, 2]"
Who is listening in December 2024,"[2, 2, 2, 2, 2, 2]"
Who is listening in November 2024,"[2, 2, 2, 2, 2, 2]"
Miss u kk sir,"[2, 2, 2, 2]"
Who is listening in November 2024,"[2, 2, 2, 2, 2, 2]"
Who is listening in Feb 2025,"[2, 2, 2, 2, 2, 2]"
Who is listening in Feb 2025,"[2, 2, 2, 2, 2, 2]"
Who is listening in November 2024,"[2, 2, 2, 2, 2, 2]"
Kk sir we miss you,"[2, 2, 2, 2, 2]"
Who Listing this masterpiece song in 2025,"[2, 2, 2, 2, 2, 2, 2]"
Miss you kk sir,"[2, 2, 2, 2]"
Who is listening in December 2024,"[2, 2, 2, 2, 2, 2]"
KK A TRUE MESMERIZER,"[2, 2, 2, 2]"
If u are alive mere dholna tomar version sonar echha chilo Miss u,"[2, 2, 2, 2, 1, 1, 3, 2, 3, 3, 3, 2, 2]"
10/10 super song,"[3, 2, 2]"
From bangladesh Malaysia,"[2, 2, 2]"
Rest in peace kk sir Melodious voice,"[2, 2, 2, 2, 2, 2, 2]"
My favourite song,"[2, 2, 2]"
No difference between live song and studio racording no difference,"[2, 2, 2, 2, 2, 2, 2, 2, 2, 2]"
My favourite singer kk sir,"[2, 2, 2, 2, 2]"
K k will be in my heart always for his soulful songs,"[3, 3, 2, 2, 2, 2, 2, 2, 2, 2, 2, 2]"
Its March 2025 midnight,"[2, 2, 2, 2]"
Nice songs,"[2, 2]"
K K sir miss you,"[3, 3, 2, 2, 2]"
Super song,"[2, 2]"
Awesome,[2]
Sep 13 morning,"[2, 2, 2]"
kabristan,[1]
Amazing singer heart touching songs all which he sang,"[2, 2, 2, 2, 2, 2, 2, 2, 2]"
Marne ki akhri sans tak sunsakti hu iya sare gana,"[2, 1, 1, 1, 1, 1, 1, 1, 1, 1]"
Right,[2]
i heard all songs of KK sir but i didnt know abt him when he expired i seen he is a bombay settled malayalee Then i open in youtube to know abt him Then i surprised That all these evergreen songs by him Unbelievable I love still his songs,"[2, 2, 2, 2, 2, 2, 2, 2, 2, 2, 2, 2, 2, 2, 2, 2, 2, 2, 2, 2, 2, 2, 2, 2, 2, 2, 2, 2, 2, 2, 2, 2, 2, 2, 2, 2, 2, 2, 2, 2, 2, 2, 2, 2, 2, 2, 2, 2, 2]"
Fan of KK sir,"[2, 2, 2, 2]"
3 October 11 55pm from barkote odisha INDIA,"[2, 2, 2, 2, 2, 3, 2, 2]"
nice bro,"[2, 2]"
Nobody knows when life will end so enjoy every moment of life with joy and happiness,"[2, 2, 2, 2, 2, 2, 2, 2, 2, 2, 2, 2, 2, 2, 2, 2]"
How many are listening on 6 sep Your songs are like heaven to us,"[2, 2, 2, 2, 2, 2, 2, 2, 2, 2, 2, 2, 2, 2]"
Request all songs of Sachet Tandon and Parampara Thanks,"[2, 2, 2, 2, 2, 2, 2, 2, 2]"
Nice song,"[2, 2]"
October me 2024 me kon kon sun raha hai,"[2, 1, 2, 1, 1, 1, 1, 1, 1]"
26 September 2024 from Bangladesh,"[2, 2, 2, 2, 2]"
Who is listening in Nov 2024,"[2, 2, 2, 2, 2, 2]"
Nice song,"[2, 2]"
Evergreen songs all time 2025 listening,"[2, 2, 2, 2, 2, 2]"
Love you kk,"[2, 2, 2]"
midnight ka samay aur kk k gane,"[2, 1, 1, 1, 2, 1, 1]"
K k jaisa koi nahi,"[3, 3, 1, 1, 1]"
